Badge,Feeder,Latitude,Longitude,Outage_Number
ME-1Q2001255,Bath Village,13.07719711,-59.55483408,1
ME-1Q2001720,Bath Village,13.07736551,-59.55456531,1
ME-1Q2001779,Bath Village,13.07673685,-59.55312711,1
ME-1Q2001780,Bath Village,13.07687237,-59.55305633,1
ME-1Q2001406,Bath Village,13.07573248,-59.55431489,1
ME-1Q2001874,Bath Village,13.07669639,-59.55325447,1
ME-1Q2001719,Bath Village,13.07692287,-59.55381309,1
ME-1Q2005006,Bath Village,13.07891814,-59.56063605,1
ME-1Q2005008,Bath Village,13.07920765,-59.56085792,1
ME-1Q2005009,Bath Village,13.07909809,-59.56104999,1
ME-1Q2005470,Bath Village,13.07932754,-59.56121282,1
ME-1Q2005471,Bath Village,13.07995935,-59.56121739,1
ME-1Q2005472,Bath Village,13.07812884,-59.56182383,1
ME-1P1000437,Bath Village,13.07373581,-59.55652458,1
ME-1Q2005663,Bath Village,13.08053224,-59.56129743,1
ME-1Q2005664,Bath Village,13.08050063,-59.56111081,1
ME-1Q2005665,Bath Village,13.08029147,-59.56137146,1
ME-1Q2004806,Bath Village,13.07566833,-59.55772841,1
ME-1Q2004807,Bath Village,13.07548956,-59.55746558,1
ME-1Q2004809,Bath Village,13.07562949,-59.55737233,1
ME-1Q2004894,Bath Village,13.07575539,-59.55765262,1
ME-1Q2004896,Bath Village,13.07546423,-59.55696129,1
ME-1Q2004910,Bath Village,13.07535628,-59.55787029,1
ME-1Q2004911,Bath Village,13.07513974,-59.55804377,1
ME-1Q2004912,Bath Village,13.07549123,-59.55797743,1
ME-1Q2004913,Bath Village,13.07557404,-59.55791571,1
ME-1Q2004942,Bath Village,13.07490035,-59.55768296,1
ME-1Q2004944,Bath Village,13.07498228,-59.55776847,1
ME-1Q2004945,Bath Village,13.07502916,-59.55794992,1
ME-1Q2006238,Bath Village,13.07037511,-59.56680709,1
ME-1Q2006227,Bath Village,13.07226337,-59.56792166,1
ME-1Q2006071,Bath Village,13.07287016,-59.56260412,1
ME-1Q2006093,Bath Village,13.07296384,-59.56086052,1
ME-1Q2006236,Bath Village,13.07296077,-59.56771955,1
ME-1W2000110,Bath Village,13.06822105,-59.57492878,1
ME-1Q2006276,Bath Village,13.06866471,-59.56849853,1
ME-1Q2006120,Bath Village,13.06928082,-59.56706263,1
ME-1Q2006121,Bath Village,13.06928148,-59.56710711,1
ME-1Q2006182,Bath Village,13.07234745,-59.56422545,1
ME-1Q2006150,Bath Village,13.0728924,-59.56243166,1
ME-1Q2006805,Bath Village,13.06931031,-59.57409889,1
ME-1Q2006184,Bath Village,13.07237363,-59.56405246,1
ME-1P1001839,Bath Village,13.07218902,-59.56487269,1
ME-1Q2006413,Bath Village,13.07293187,-59.56200955,1
ME-1P1000852,Bath Village,13.07294515,-59.56157504,1
ME-1Q2006455,Bath Village,13.07294173,-59.56186062,1
ME-1Q2006223,Bath Village,13.07295623,-59.56125635,1
ME-1Q2006277,Bath Village,13.06941533,-59.56877435,1
ME-1P1000515,Bath Village,13.06947311,-59.56990119,1
ME-1Q2006119,Bath Village,13.06947439,-59.56703002,1
ME-1Q2005860,Bath Village,13.07246109,-59.56627944,1
ME-1Q2005861,Bath Village,13.07243276,-59.56624404,1
ME-1Q2006171,Bath Village,13.07244179,-59.56367491,1
ME-1Q2006222,Bath Village,13.07295361,-59.56131625,1
ME-1Q2006092,Bath Village,13.07297471,-59.56091857,1
ME-1Q2006387,Bath Village,13.06942971,-59.56841842,1
ME-1P1001857,Bath Village,13.07105955,-59.56714183,1
ME-1Q2006126,Bath Village,13.07075503,-59.56663764,1
ME-1Q2006225,Bath Village,13.07272243,-59.56136941,1
ME-1Q2006183,Bath Village,13.07243276,-59.56340452,1
ME-1Q2006185,Bath Village,13.07243175,-59.56345084,1
ME-1Q2006456,Bath Village,13.07268032,-59.56177169,1
ME-1Q2006226,Bath Village,13.07257489,-59.56837396,1
ME-1Q2006279,Bath Village,13.0694761,-59.56840737,1
ME-1Q2006278,Bath Village,13.06945411,-59.56859765,1
ME-1Q2006118,Bath Village,13.06957187,-59.56721139,1
ME-1Q2006389,Bath Village,13.06957596,-59.56839632,1
ME-1Q2006151,Bath Village,13.0724403,-59.5632456,1
ME-1Q2005154,Bath Village,13.07244746,-59.56631807,1
ME-1Q2006214,Bath Village,13.07259351,-59.56810837,1
ME-1U2000032,Bath Village,13.068163,-59.57182399,1
ME-1Q2006281,Bath Village,13.06946818,-59.56873399,1
ME-1Q2003953,Bath Village,13.07176027,-59.57236289,1
ME-1Q2006153,Bath Village,13.07254016,-59.56310476,1
ME-1Q2006113,Bath Village,13.07268479,-59.56117468,1
ME-1Q2009000,Bath Village,13.07078266,-59.56717202,1
ME-1P1001838,Bath Village,13.07270944,-59.56336373,1
ME-1Q2006294,Bath Village,13.06887574,-59.5680079,1
ME-1P1000636,Bath Village,13.06975303,-59.5686016,1
ME-1Q2006411,Bath Village,13.0726827,-59.56199218,1
ME-1Q2006293,Bath Village,13.06898735,-59.56850282,1
ME-1P1001699,Bath Village,13.06980856,-59.56833127,1
ME-1Q2006127,Bath Village,13.06992468,-59.56713762,1
ME-1Q2006241,Bath Village,13.07101412,-59.56653571,1
ME-1Q2006280,Bath Village,13.06896227,-59.56777402,1
ME-1Q2006239,Bath Village,13.07010605,-59.56725587,1
ME-1Q2006072,Bath Village,13.07119382,-59.56725942,1
ME-1Q2006073,Bath Village,13.07121618,-59.56733068,1
ME-1Q2006165,Bath Village,13.07248419,-59.5650067,1
ME-1Q2006070,Bath Village,13.07264602,-59.56246885,1
ME-1Q2006217,Bath Village,13.07275291,-59.56861214,1
ME-1Q2006410,Bath Village,13.07266068,-59.56208866,1
ME-1Q2006140,Bath Village,13.07286851,-59.56724552,1
ME-1Q2006292,Bath Village,13.0684171,-59.56804612,1
ME-1P1000590,Bath Village,13.06894249,-59.56832245,1
ME-1Q2006291,Bath Village,13.06904102,-59.56876199,1
ME-1Q2006129,Bath Village,13.06992191,-59.56660334,1
ME-1Q2006128,Bath Village,13.06992118,-59.56682247,1
ME-1Q2006240,Bath Village,13.07012693,-59.56729002,1
ME-1Q2006162,Bath Village,13.07251191,-59.56497704,1
ME-1Q2006163,Bath Village,13.07248834,-59.56493163,1
ME-1Q2006228,Bath Village,13.07273704,-59.56819967,1
ME-1Q2006274,Bath Village,13.06848894,-59.56862849,1
ME-1Q2006615,Bath Village,13.0690805,-59.56889099,1
ME-1Q2006617,Bath Village,13.06909018,-59.56892261,1
ME-1Q2006229,Bath Village,13.0721188,-59.56822867,1
ME-1Q2006112,Bath Village,13.07265261,-59.56116593,1
ME-1Q2006454,Bath Village,13.07269892,-59.56164312,1
ME-1Q2006170,Bath Village,13.07270789,-59.56413275,1
ME-1Q2006110,Bath Village,13.07272883,-59.5608538,1
ME-1Q2006290,Bath Village,13.06913062,-59.5684562,1
ME-1P1000637,Bath Village,13.06915225,-59.56856244,1
ME-1Q2006386,Bath Village,13.07007227,-59.5682284,1
ME-1Q2006111,Bath Village,13.07273034,-59.56076832,1
ME-1Q2006457,Bath Village,13.07268568,-59.56168988,1
ME-1Q2006235,Bath Village,13.07271527,-59.56706523,1
ME-1Q2006139,Bath Village,13.07292411,-59.56718447,1
ME-1Q2006275,Bath Village,13.06847639,-59.56852491,1
ME-1P1000842,Bath Village,13.06869575,-59.56795874,1
ME-1P1000843,Bath Village,13.06882854,-59.5681369,1
ME-1P1000844,Bath Village,13.06912472,-59.56839963,1
ME-1P1000845,Bath Village,13.06910832,-59.56836655,1
ME-1P1000867,Bath Village,13.07263232,-59.56238947,1
ME-1P1000868,Bath Village,13.06862184,-59.56866022,1
ME-1P1000869,Bath Village,13.07265387,-59.56262624,1
ME-1P1000935,Bath Village,13.07267887,-59.56227535,1
ME-1P1001698,Bath Village,13.06918681,-59.56864777,1
ME-1P1001700,Bath Village,13.06912089,-59.56914672,1
ME-1P1001701,Bath Village,13.06918618,-59.56890956,1
ME-1Q2006116,Bath Village,13.07219779,-59.56612341,1
ME-1P1001820,Bath Village,13.0727723,-59.56673607,1
ME-1Q2006138,Bath Village,13.0729032,-59.56723877,1
ME-1Q2006141,Bath Village,13.07293206,-59.56721487,1
ME-1Q2006296,Bath Village,13.06861037,-59.56822525,1
ME-1Q2007816,Bath Village,13.06860705,-59.56826762,1
ME-1Q2006297,Bath Village,13.06923437,-59.56875517,1
ME-1P1000850,Bath Village,13.07294714,-59.5607722,1
ME-1Q2006152,Bath Village,13.07287548,-59.56292895,1
ME-1Q2005927,Bath Village,13.07836449,-59.56350894,1
ME-1Q2005673,Bath Village,13.08009035,-59.56073033,1
ME-1Q2004467,Bath Village,13.08081407,-59.56123439,1
ME-1Q2004402,Bath Village,13.08072501,-59.56058554,1
ME-1Q2004469,Bath Village,13.08092882,-59.56122153,1
ME-1P1000853,Bath Village,13.07326205,-59.5597774,1
ME-1P1000632,Bath Village,13.07337743,-59.55976328,1
ME-1Q2004050,Bath Village,13.07459427,-59.56189768,1
ME-1P1001557,Bath Village,13.07466157,-59.56143961,1
ME-1Q2005435,Bath Village,13.0746187,-59.55809377,1
ME-1P1001593,Bath Village,13.07462517,-59.55980911,1
ME-1Q2004642,Bath Village,13.07570843,-59.55863848,1
ME-1Q2007311,Bath Village,13.07545337,-59.5591635,1
ME-1P1000556,Bath Village,13.07543063,-59.55900351,1
ME-1Q2004052,Bath Village,13.07531233,-59.56106358,1
ME-1P1000601,Bath Village,13.07554252,-59.55832435,1
ME-1Q2004895,Bath Village,13.07551354,-59.5570956,1
ME-1P1000695,Bath Village,13.07629099,-59.56173831,1
ME-1P1000894,Bath Village,13.07637165,-59.56205617,1
ME-1Q2004785,Bath Village,13.07637257,-59.55634324,1
ME-1Q2005367,Bath Village,13.07641761,-59.55550836,1
ME-1Q2004711,Bath Village,13.07659076,-59.55852217,1
ME-1Q2006009,Bath Village,13.07712106,-59.56489238,1
ME-1Q2005889,Bath Village,13.07693089,-59.5641897,1
ME-1Q2005996,Bath Village,13.07706794,-59.56519248,1
ME-1Q2005042,Bath Village,13.07704522,-59.55709435,1
ME-1Q2005995,Bath Village,13.07704003,-59.56544867,1
ME-1Q2004797,Bath Village,13.07702586,-59.5543112,1
ME-1Q2004932,Bath Village,13.07712034,-59.55458185,1
ME-1Q2004843,Bath Village,13.07706962,-59.55632629,1
ME-1Q2004813,Bath Village,13.07714582,-59.55508416,1
ME-1Q2004730,Bath Village,13.07760208,-59.55646154,1
ME-1Q2004727,Bath Village,13.07763468,-59.55721327,1
ME-1Q2005737,Bath Village,13.07841359,-59.56447628,1
ME-1Q2005803,Bath Village,13.07845311,-59.56449665,1
ME-1Q2005670,Bath Village,13.08012999,-59.56089767,1
ME-1Q2006237,Bath Village,13.07343361,-59.5681859,1
ME-1P1000573,Bath Village,13.07387771,-59.55850447,1
ME-1Q2005384,Bath Village,13.07404604,-59.55825535,1
ME-1P1001439,Bath Village,13.07376533,-59.5548992,1
ME-1Q2004788,Bath Village,13.07386989,-59.55561661,1
ME-1Q2004692,Bath Village,13.07387372,-59.55574151,1
ME-1Q2005377,Bath Village,13.07387077,-59.55782084,1
ME-1Q2005441,Bath Village,13.07457524,-59.55795782,1
ME-1P1000575,Bath Village,13.07462991,-59.56267023,1
ME-1Q2004953,Bath Village,13.07458569,-59.56061045,1
ME-1Q2005378,Bath Village,13.07466008,-59.55774085,1
ME-1P1000577,Bath Village,13.07470649,-59.56228377,1
ME-1Q2004710,Bath Village,13.07544675,-59.55840495,1
ME-1P1000576,Bath Village,13.0755111,-59.56166244,1
ME-1Q2004981,Bath Village,13.07547796,-59.56154803,1
ME-1Q2004066,Bath Village,13.07545715,-59.56124816,1
ME-1Q2004914,Bath Village,13.07590145,-59.56028585,1
ME-1Q2004069,Bath Village,13.07545806,-59.5611324,1
ME-1Q2004643,Bath Village,13.07549488,-59.55859383,1
ME-1P1001663,Bath Village,13.07558954,-59.55723634,1
ME-1P1001639,Bath Village,13.07567534,-59.55891051,1
ME-1P1001818,Bath Village,13.07643457,-59.55835177,1
ME-1Q2004854,Bath Village,13.07640264,-59.55943737,1
ME-1Q2004783,Bath Village,13.0765286,-59.556601,1
ME-1Q2004772,Bath Village,13.07646419,-59.55601163,1
ME-1Q2004792,Bath Village,13.07639189,-59.55432569,1
ME-1Q2004591,Bath Village,13.07641237,-59.55515527,1
ME-1Q2004775,Bath Village,13.0765114,-59.55614449,1
ME-1Q2004876,Bath Village,13.07645998,-59.5615788,1
ME-1P1001611,Bath Village,13.07651371,-59.55897945,1
ME-1Q2005028,Bath Village,13.07727529,-59.55797892,1
ME-1Q2005026,Bath Village,13.07730659,-59.55796564,1
ME-1Q2005997,Bath Village,13.07718032,-59.56543765,1
ME-1Q2004832,Bath Village,13.07705546,-59.55562777,1
ME-1Q2004718,Bath Village,13.07709968,-59.55532781,1
ME-1P1000435,Bath Village,13.077219,-59.55424927,1
ME-1Q2005977,Bath Village,13.07771426,-59.56449908,1
ME-1P1000892,Bath Village,13.07762335,-59.56430947,1
ME-1Q2005805,Bath Village,13.07845959,-59.56465464,1
ME-1Q2005439,Bath Village,13.07848849,-59.55553969,1
ME-1Q2006462,Bath Village,13.07345813,-59.56152351,1
ME-1P1000424,Bath Village,13.07381863,-59.55893868,1
ME-1Q2005347,Bath Village,13.07400809,-59.55897936,1
ME-1P1001440,Bath Village,13.07389628,-59.55493768,1
ME-1Q2004693,Bath Village,13.07388915,-59.55582798,1
ME-1Q2004707,Bath Village,13.07386858,-59.55570264,1
ME-1P1000423,Bath Village,13.07392682,-59.55932188,1
ME-1Q2008300,Bath Village,13.07467452,-59.56230612,1
ME-1P1000436,Bath Village,13.07470231,-59.55872617,1
ME-1Q2008519,Bath Village,13.07472066,-59.56098549,1
ME-1Q2004612,Bath Village,13.07479393,-59.55686753,1
ME-1Q2005140,Bath Village,13.0746967,-59.55711773,1
ME-1Q2005395,Bath Village,13.07466721,-59.55972286,1
ME-1Q2005436,Bath Village,13.07475712,-59.55787389,1
ME-1Q2005364,Bath Village,13.07476675,-59.55896653,1
ME-1P1001647,Bath Village,13.07558872,-59.55889517,1
ME-1Q2004793,Bath Village,13.07637108,-59.55428125,1
ME-1Q2004880,Bath Village,13.07657562,-59.56066656,1
ME-1Q2005052,Bath Village,13.07636883,-59.55939844,1
ME-1Q2004881,Bath Village,13.07648557,-59.5604137,1
ME-1Q2010084,Bath Village,13.07647237,-59.55576343,1
ME-1Q2004874,Bath Village,13.07662529,-59.56152178,1
ME-1Q2006000,Bath Village,13.07714774,-59.56517507,1
ME-1Q2005022,Bath Village,13.07715383,-59.55659624,1
ME-1Q2006013,Bath Village,13.07721614,-59.56464643,1
ME-1Q2008373,Bath Village,13.07727131,-59.56482409,1
ME-1Q2004973,Bath Village,13.07714029,-59.56047049,1
ME-1Q2004971,Bath Village,13.07714052,-59.56051349,1
ME-1Q2005053,Bath Village,13.07720872,-59.55986771,1
ME-1Q2004731,Bath Village,13.07770568,-59.55643106,1
ME-1Q2005049,Bath Village,13.07774683,-59.55645497,1
ME-1Q2005975,Bath Village,13.07760795,-59.56426429,1
ME-1Q2005030,Bath Village,13.07779482,-59.55769406,1
ME-1Q2006007,Bath Village,13.07773394,-59.56484583,1
ME-1Q2005438,Bath Village,13.07849936,-59.55566641,1
ME-1P1000514,Bath Village,13.07855052,-59.56141172,1
ME-1Q2005992,Bath Village,13.07857837,-59.56495463,1
ME-1Q2005719,Bath Village,13.07938209,-59.56074836,1
ME-1Q2005718,Bath Village,13.07939425,-59.56078261,1
ME-1Q2005817,Bath Village,13.07941817,-59.56020511,1
ME-1Q2005430,Bath Village,13.07337144,-59.55655088,1
ME-1Q2004867,Bath Village,13.07397012,-59.55614525,1
ME-1Q2005359,Bath Village,13.07395002,-59.5600493,1
ME-1Q2005433,Bath Village,13.07393794,-59.55652485,1
ME-1Q2005365,Bath Village,13.07486283,-59.55900821,1
ME-1Q2005363,Bath Village,13.0746954,-59.55925651,1
ME-1P1001640,Bath Village,13.07463451,-59.55823632,1
ME-1Q2005440,Bath Village,13.07468378,-59.55834473,1
ME-1Q2004899,Bath Village,13.07463517,-59.55883047,1
ME-1P1001554,Bath Village,13.07480709,-59.56206485,1
ME-1P1000600,Bath Village,13.07562858,-59.55865067,1
ME-1P1001662,Bath Village,13.07551769,-59.55764401,1
ME-1Q2004979,Bath Village,13.07557743,-59.56147286,1
ME-1Q2003817,Bath Village,13.07560649,-59.56170286,1
ME-1Q2004915,Bath Village,13.07585024,-59.56035935,1
ME-1P1001664,Bath Village,13.07568493,-59.55754903,1
ME-1Q2004712,Bath Village,13.07566303,-59.55833271,1
ME-1P1000896,Bath Village,13.0766205,-59.55915646,1
ME-1Q2004870,Bath Village,13.07654611,-59.56202439,1
ME-1P1000691,Bath Village,13.07642558,-59.56079926,1
ME-1P1000690,Bath Village,13.07647309,-59.56103233,1
ME-1Q2004838,Bath Village,13.07651071,-59.55463088,1
ME-1P1001599,Bath Village,13.07652831,-59.56114111,1
ME-1Q2004773,Bath Village,13.07663574,-59.55554456,1
ME-1Q2004749,Bath Village,13.0765592,-59.55828662,1
ME-1P1001598,Bath Village,13.07683489,-59.56158869,1
ME-1Q2005530,Bath Village,13.0773122,-59.56318643,1
ME-1Q2005929,Bath Village,13.07733266,-59.55794049,1
ME-1Q2004833,Bath Village,13.07718729,-59.55559918,1
ME-1Q2005886,Bath Village,13.07722086,-59.56426139,1
ME-1Q2004817,Bath Village,13.07728464,-59.55603431,1
ME-1Q2004736,Bath Village,13.07782695,-59.55742897,1
ME-1Q2005048,Bath Village,13.07778481,-59.5566271,1
ME-1Q2005023,Bath Village,13.07781736,-59.55663858,1
ME-1Q2005149,Bath Village,13.07863422,-59.55809684,1
ME-1Q2004466,Bath Village,13.08102757,-59.56093358,1
ME-1Q2004165,Bath Village,13.07391811,-59.56001754,1
ME-1P1001590,Bath Village,13.07379264,-59.55906058,1
ME-1Q2004691,Bath Village,13.07393217,-59.55592309,1
ME-1Q2005374,Bath Village,13.07399034,-59.55774442,1
ME-1Q2005348,Bath Village,13.07406013,-59.55927977,1
ME-1P1001651,Bath Village,13.07388396,-59.55674184,1
ME-1Q2004613,Bath Village,13.07478282,-59.55744442,1
ME-1P1001556,Bath Village,13.07482127,-59.56172145,1
ME-1Q2005386,Bath Village,13.0747089,-59.56032241,1
ME-1P1001641,Bath Village,13.07483609,-59.55871473,1
ME-1Q2004611,Bath Village,13.07483739,-59.55742021,1
ME-1Q2005075,Bath Village,13.07574947,-59.5616497,1
ME-1Q2004595,Bath Village,13.07544688,-59.55866269,1
ME-1Q2004888,Bath Village,13.075688,-59.55926784,1
ME-1Q2004857,Bath Village,13.07574604,-59.55956459,1
ME-1Q2004594,Bath Village,13.07582757,-59.55880969,1
ME-1Q2004886,Bath Village,13.07547244,-59.55865012,1
ME-1Q2004845,Bath Village,13.07657504,-59.55408602,1
ME-1P1000638,Bath Village,13.07644648,-59.56091965,1
ME-1Q2004878,Bath Village,13.07654086,-59.5613616,1
ME-1Q2004872,Bath Village,13.07653846,-59.56230234,1
ME-1Q2005002,Bath Village,13.07654916,-59.55972343,1
ME-1Q2004873,Bath Village,13.07658027,-59.5623091,1
ME-1Q2005019,Bath Village,13.07720132,-59.55682866,1
ME-1Q2005999,Bath Village,13.07726116,-59.56513573,1
ME-1Q2004015,Bath Village,13.07728929,-59.56512734,1
ME-1Q2004992,Bath Village,13.07740075,-59.56066957,1
ME-1Q2005984,Bath Village,13.07728772,-59.56539048,1
ME-1Q2005047,Bath Village,13.07782557,-59.55667431,1
ME-1Q2005146,Bath Village,13.07868764,-59.55808889,1
ME-1Q2005816,Bath Village,13.07953732,-59.5601769,1
ME-1Q2004405,Bath Village,13.0811652,-59.56064952,1
ME-1Q2004452,Bath Village,13.08111976,-59.56089933,1
ME-1Q2004404,Bath Village,13.08109949,-59.56050609,1
ME-1P1000903,Bath Village,13.07396638,-59.55601377,1
ME-1P1000422,Bath Village,13.07404613,-59.55908784,1
ME-1P1000646,Bath Village,13.07402807,-59.55649863,1
ME-1P1001653,Bath Village,13.07403485,-59.55653454,1
ME-1Q2004690,Bath Village,13.07408567,-59.55570931,1
ME-1Q2005349,Bath Village,13.07412967,-59.55927067,1
ME-1P1001670,Bath Village,13.07409777,-59.55695748,1
ME-1Q2004067,Bath Village,13.07412547,-59.56068491,1
ME-1Q2005382,Bath Village,13.0747932,-59.55799326,1
ME-1Q2005357,Bath Village,13.07483801,-59.55919755,1
ME-1P1000574,Bath Village,13.07481586,-59.55930981,1
ME-1Q2005091,Bath Village,13.07483984,-59.56263467,1
ME-1Q2005353,Bath Village,13.07482355,-59.56010816,1
ME-1P1001591,Bath Village,13.07478209,-59.5595685,1
ME-1Q2005352,Bath Village,13.07486816,-59.56012608,1
ME-1Q2004905,Bath Village,13.0747669,-59.56064905,1
ME-1Q2004645,Bath Village,13.07570945,-59.55940295,1
ME-1Q2004597,Bath Village,13.0754178,-59.55868177,1
ME-1Q2004644,Bath Village,13.07572098,-59.5594836,1
ME-1Q2004887,Bath Village,13.0754243,-59.55871561,1
ME-1Q2004610,Bath Village,13.0756963,-59.55933464,1
ME-1P1001649,Bath Village,13.07576232,-59.55833339,1
ME-1Q2004889,Bath Village,13.07580611,-59.55877888,1
ME-1Q2004596,Bath Village,13.07582822,-59.55884434,1
ME-1Q2004840,Bath Village,13.07670918,-59.55455233,1
ME-1P1000692,Bath Village,13.07666179,-59.56089278,1
ME-1Q2004879,Bath Village,13.07655118,-59.56141571,1
ME-1P1001577,Bath Village,13.07670262,-59.56222884,1
ME-1Q2004875,Bath Village,13.07664674,-59.56202612,1
ME-1Q2004713,Bath Village,13.07669771,-59.55907107,1
ME-1Q2004774,Bath Village,13.07664478,-59.55617897,1
ME-1Q2004830,Bath Village,13.07724444,-59.55584091,1
ME-1Q2004860,Bath Village,13.07738982,-59.56017141,1
ME-1Q2004816,Bath Village,13.07730881,-59.55601418,1
ME-1Q2004811,Bath Village,13.07745689,-59.55482511,1
ME-1Q2004722,Bath Village,13.07734097,-59.55601306,1
ME-1Q2004831,Bath Village,13.07727726,-59.55583231,1
ME-1Q2006012,Bath Village,13.077311,-59.5646155,1
ME-1Q2004737,Bath Village,13.07790888,-59.55764211,1
ME-1P1000891,Bath Village,13.07777632,-59.56495316,1
ME-1Q2005136,Bath Village,13.0787375,-59.56043154,1
ME-1Q2005766,Bath Village,13.07958012,-59.56114908,1
ME-1Q2005721,Bath Village,13.07963509,-59.5606686,1
ME-1Q2005713,Bath Village,13.08034918,-59.56089296,1
ME-1Q2004468,Bath Village,13.08119548,-59.56049209,1
ME-1P1001844,Bath Village,13.07308916,-59.56182362,1
ME-1Q2004868,Bath Village,13.0740632,-59.556239,1
ME-1P1000570,Bath Village,13.07418167,-59.55876248,1
ME-1Q2004866,Bath Village,13.07418806,-59.55605146,1
ME-1Q2005090,Bath Village,13.07417206,-59.56266041,1
ME-1Q2004902,Bath Village,13.07480043,-59.56071303,1
ME-1Q2005356,Bath Village,13.07482888,-59.55936132,1
ME-1Q2004903,Bath Village,13.07473355,-59.56066436,1
ME-1Q2005355,Bath Village,13.07483556,-59.55944123,1
ME-1Q2004904,Bath Village,13.07476593,-59.56072504,1
ME-1Q2005354,Bath Village,13.07476412,-59.55959913,1
ME-1Q2004898,Bath Village,13.074762,-59.55860602,1
ME-1P1001551,Bath Village,13.0750067,-59.56261248,1
ME-1P1001638,Bath Village,13.07483043,-59.55815678,1
ME-1Q2004978,Bath Village,13.07589577,-59.56131879,1
ME-1Q2005077,Bath Village,13.0758723,-59.56179088,1
ME-1Q2004950,Bath Village,13.07590102,-59.56046663,1
ME-1Q2004851,Bath Village,13.07592023,-59.55433536,1
ME-1Q2007362,Bath Village,13.07574877,-59.56112644,1
ME-1Q2006299,Bath Village,13.07581248,-59.5582894,1
ME-1Q2004943,Bath Village,13.07588664,-59.55717525,1
ME-1Q2005121,Bath Village,13.07590122,-59.56210572,1
ME-1P1000639,Bath Village,13.07668815,-59.5611174,1
ME-1P1001600,Bath Village,13.07665535,-59.56167359,1
ME-1Q2004839,Bath Village,13.07669049,-59.55451308,1
ME-1P1000893,Bath Village,13.07670915,-59.55937822,1
ME-1P1001821,Bath Village,13.07667054,-59.5582391,1
ME-1Q2004769,Bath Village,13.07678575,-59.55886153,1
ME-1Q2004770,Bath Village,13.07676102,-59.55586525,1
ME-1Q2004784,Bath Village,13.07663666,-59.55491664,1
ME-1P1001596,Bath Village,13.07666943,-59.56002535,1
ME-1Q2004723,Bath Village,13.07719194,-59.55609679,1
ME-1Q2004972,Bath Village,13.07744621,-59.56049544,1
ME-1Q2005983,Bath Village,13.07736342,-59.56534779,1
ME-1Q2004827,Bath Village,13.07730763,-59.55554045,1
ME-1Q2005020,Bath Village,13.07785268,-59.55689196,1
ME-1Q2005993,Bath Village,13.07799027,-59.56513264,1
ME-1Q2005018,Bath Village,13.07787884,-59.55687327,1
ME-1Q2005720,Bath Village,13.07963722,-59.56069978,1
ME-1Q2005710,Bath Village,13.0804178,-59.5606615,1
ME-1Q2005372,Bath Village,13.07349827,-59.55712208,1
ME-1Q2005431,Bath Village,13.0735513,-59.55658347,1
ME-1P1000416,Bath Village,13.07420403,-59.55924764,1
ME-1Q2004869,Bath Village,13.07415881,-59.55594596,1
ME-1Q2004147,Bath Village,13.07427753,-59.56017488,1
ME-1P1001687,Bath Village,13.07416161,-59.55652155,1
ME-1P1000901,Bath Village,13.07425785,-59.55627247,1
ME-1Q2004149,Bath Village,13.07425313,-59.56015533,1
ME-1P1000414,Bath Village,13.07423447,-59.55951617,1
ME-1Q2005360,Bath Village,13.07423888,-59.55961374,1
ME-1Q2004148,Bath Village,13.07427338,-59.56021709,1
ME-1Q2004708,Bath Village,13.07419646,-59.55568893,1
ME-1Q2004802,Bath Village,13.07415888,-59.55529513,1
ME-1P1000425,Bath Village,13.07420805,-59.55946174,1
ME-1P1001586,Bath Village,13.07484937,-59.56223821,1
ME-1Q2005389,Bath Village,13.07509107,-59.55961571,1
ME-1Q2004952,Bath Village,13.07490567,-59.56083848,1
ME-1Q2004996,Bath Village,13.07490833,-59.56202509,1
ME-1Q2005010,Bath Village,13.0749333,-59.55898591,1
ME-1P1001595,Bath Village,13.07486588,-59.55883754,1
ME-1P1001553,Bath Village,13.07493489,-59.56263498,1
ME-1Q2004901,Bath Village,13.07490782,-59.55849628,1
ME-1Q2004907,Bath Village,13.0758856,-59.55761165,1
ME-1Q2005119,Bath Village,13.07590683,-59.5620549,1
ME-1Q2004717,Bath Village,13.07591952,-59.55827715,1
ME-1P1001648,Bath Village,13.07599516,-59.55835132,1
ME-1Q2004906,Bath Village,13.07589156,-59.55772327,1
ME-1Q2004865,Bath Village,13.07588689,-59.55485805,1
ME-1Q2004908,Bath Village,13.07588211,-59.55753167,1
ME-1Q2004853,Bath Village,13.07591259,-59.55413927,1
ME-1Q2004909,Bath Village,13.07592007,-59.5577671,1
ME-1Q2005076,Bath Village,13.0759412,-59.56160934,1
ME-1Q2004936,Bath Village,13.07676118,-59.5595151,1
ME-1Q2005056,Bath Village,13.07658873,-59.55984109,1
ME-1Q2004782,Bath Village,13.07666118,-59.55506499,1
ME-1Q2004790,Bath Village,13.07665437,-59.55425427,1
ME-1Q2004745,Bath Village,13.07676251,-59.55873452,1
ME-1Q2007286,Bath Village,13.07684541,-59.55494239,1
ME-1Q2007289,Bath Village,13.07683438,-59.55497957,1
ME-1Q2004768,Bath Village,13.07679167,-59.5590334,1
ME-1Q2004970,Bath Village,13.07742093,-59.56053162,1
ME-1Q2004814,Bath Village,13.07736895,-59.55629856,1
ME-1Q2004815,Bath Village,13.07741212,-59.55628584,1
ME-1Q2004991,Bath Village,13.07738722,-59.56075187,1
ME-1Q2005990,Bath Village,13.07780788,-59.56526298,1
ME-1Q2005021,Bath Village,13.07788436,-59.55690375,1
ME-1Q2004734,Bath Village,13.07797382,-59.55737877,1
ME-1Q2004729,Bath Village,13.07790675,-59.55709391,1
ME-1Q2005151,Bath Village,13.0787472,-59.56033854,1
ME-1Q2006056,Bath Village,13.07317207,-59.56283509,1
ME-1P1001841,Bath Village,13.07309455,-59.56230569,1
ME-1Q2005370,Bath Village,13.07359163,-59.55684089,1
ME-1Q2005351,Bath Village,13.07357275,-59.55882381,1
ME-1Q2006460,Bath Village,13.07352147,-59.55866484,1
ME-1Q2006216,Bath Village,13.07361849,-59.56845743,1
ME-1Q2005375,Bath Village,13.07416205,-59.55766186,1
ME-1Q2004786,Bath Village,13.07415425,-59.55542153,1
ME-1Q2005376,Bath Village,13.07414444,-59.5574977,1
ME-1Q2008535,Bath Village,13.07424537,-59.55616272,1
ME-1P1001532,Bath Village,13.07423866,-59.55969721,1
ME-1P1001592,Bath Village,13.07492772,-59.55990181,1
ME-1Q2004997,Bath Village,13.07493108,-59.56216821,1
ME-1P1001531,Bath Village,13.07493004,-59.56105913,1
ME-1Q2005394,Bath Village,13.07493824,-59.55971781,1
ME-1Q2005391,Bath Village,13.07507339,-59.5602193,1
ME-1Q2005393,Bath Village,13.07507826,-59.56025079,1
ME-1Q2004960,Bath Village,13.07601837,-59.55802933,1
ME-1Q2004883,Bath Village,13.07599977,-59.56113953,1
ME-1P1001646,Bath Village,13.07597646,-59.5582695,1
ME-1Q2004961,Bath Village,13.07609016,-59.5575665,1
ME-1P1000641,Bath Village,13.07672217,-59.56127285,1
ME-1Q2004795,Bath Village,13.07680632,-59.55441971,1
ME-1Q2001408,Bath Village,13.07687836,-59.55291882,1
ME-1Q2004861,Bath Village,13.07684946,-59.56051751,1
ME-1Q2008301,Bath Village,13.07682428,-59.55283405,1
ME-1P1001601,Bath Village,13.07678736,-59.5613887,1
ME-1Q2004930,Bath Village,13.07676471,-59.55472428,1
ME-1Q2004767,Bath Village,13.07686147,-59.55897682,1
ME-1Q2004956,Bath Village,13.07676536,-59.55546449,1
ME-1Q2004877,Bath Village,13.07710456,-59.56177973,1
ME-1Q2004955,Bath Village,13.07678516,-59.55549196,1
ME-1Q2005051,Bath Village,13.07723147,-59.55940824,1
ME-1Q2004726,Bath Village,13.07716896,-59.55670312,1
ME-1Q2005979,Bath Village,13.07799383,-59.56468991,1
ME-1P1000554,Bath Village,13.07801759,-59.56533505,1
ME-1Q2003821,Bath Village,13.07793572,-59.56163597,1
ME-1Q2005150,Bath Village,13.07869936,-59.56035117,1
ME-1Q2005153,Bath Village,13.07871922,-59.56039062,1
ME-1Q2005814,Bath Village,13.07974784,-59.56034565,1
ME-1Q2005708,Bath Village,13.07976635,-59.56037165,1
ME-1Q2005711,Bath Village,13.08054079,-59.56081852,1
ME-1Q2005373,Bath Village,13.07314677,-59.55673994,1
ME-1Q2006215,Bath Village,13.07294005,-59.56871739,1
ME-1Q2006054,Bath Village,13.07316229,-59.56291791,1
ME-1P1000517,Bath Village,13.07375609,-59.55712209,1
ME-1Q2004082,Bath Village,13.07437196,-59.56082238,1
ME-1P1001686,Bath Village,13.07423983,-59.5569782,1
ME-1Q2005437,Bath Village,13.07433098,-59.55651137,1
ME-1P1000648,Bath Village,13.07424731,-59.55539351,1
ME-1Q2004083,Bath Village,13.07430559,-59.56153061,1
ME-1P1001688,Bath Village,13.0743578,-59.55659832,1
ME-1Q2004709,Bath Village,13.07433075,-59.55579385,1
ME-1Q2004146,Bath Village,13.07427275,-59.56043936,1
ME-1Q2005093,Bath Village,13.07426998,-59.56259589,1
ME-1Q2005390,Bath Village,13.0750853,-59.56032607,1
ME-1Q2005388,Bath Village,13.07507466,-59.55977217,1
ME-1Q2004846,Bath Village,13.07606536,-59.55705355,1
ME-1Q2004844,Bath Village,13.07611469,-59.55704555,1
ME-1Q2004780,Bath Village,13.07606,-59.55472604,1
ME-1P1000598,Bath Village,13.076106,-59.56228812,1
ME-1Q2004863,Bath Village,13.07600108,-59.55513772,1
ME-1Q2004965,Bath Village,13.07604106,-59.56001523,1
ME-1Q2004963,Bath Village,13.07603937,-59.55997163,1
ME-1Q2004934,Bath Village,13.0768162,-59.55978155,1
ME-1Q2004777,Bath Village,13.07681842,-59.55620387,1
ME-1Q2004957,Bath Village,13.07683843,-59.5546728,1
ME-1Q2004746,Bath Village,13.07677764,-59.55826059,1
ME-1Q2004946,Bath Village,13.07679468,-59.56523112,1
ME-1P1001574,Bath Village,13.0767585,-59.56199526,1
ME-1Q2006224,Bath Village,13.07675192,-59.5553375,1
ME-1Q2004812,Bath Village,13.0774373,-59.55470103,1
ME-1Q2006010,Bath Village,13.07754383,-59.5646196,1
ME-1Q2005024,Bath Village,13.07740775,-59.556776,1
ME-1Q2005050,Bath Village,13.07733365,-59.55953367,1
ME-1Q2005025,Bath Village,13.07750495,-59.55671886,1
ME-1Q2004859,Bath Village,13.07746367,-59.56034812,1
ME-1T4000072,Bath Village,13.07774659,-59.55972529,1
ME-1Q2005707,Bath Village,13.07982628,-59.5605145,1
ME-1Q2004514,Bath Village,13.08130951,-59.56088055,1
ME-1Q2006412,Bath Village,13.07300274,-59.56222219,1
ME-1P1001650,Bath Village,13.07370216,-59.55678627,1
ME-1Q2005358,Bath Village,13.07379052,-59.55933231,1
ME-1Q2005434,Bath Village,13.07428861,-59.55638498,1
ME-1P1000905,Bath Village,13.07417222,-59.55666662,1
ME-1Q2004162,Bath Village,13.07437523,-59.56092389,1
ME-1P1001597,Bath Village,13.07455494,-59.55878351,1
ME-1P1001689,Bath Village,13.07439671,-59.55670449,1
ME-1Q2004163,Bath Village,13.07436582,-59.56077854,1
ME-1Q2004900,Bath Village,13.0750341,-59.55868723,1
ME-1Q2005011,Bath Village,13.07498865,-59.55919512,1
ME-1Q2004051,Bath Village,13.07515083,-59.56124527,1
ME-1Q2004068,Bath Village,13.07510931,-59.56079871,1
ME-1Q2004852,Bath Village,13.07621204,-59.55410827,1
ME-1P1001605,Bath Village,13.07608804,-59.56145644,1
ME-1P1001603,Bath Village,13.07610457,-59.56135059,1
ME-1Q2005366,Bath Village,13.07623957,-59.55495233,1
ME-1P1001604,Bath Village,13.07613047,-59.56114488,1
ME-1Q2004962,Bath Village,13.07612783,-59.55996523,1
ME-1Q2004841,Bath Village,13.07676523,-59.55404476,1
ME-1Q2004931,Bath Village,13.07687602,-59.55466175,1
ME-1Q2005057,Bath Village,13.07696215,-59.56010995,1
ME-1Q2005054,Bath Village,13.07690136,-59.56013338,1
ME-1Q2005004,Bath Village,13.07686584,-59.55993326,1
ME-1Q2004947,Bath Village,13.07684066,-59.56522466,1
ME-1Q2005043,Bath Village,13.07685773,-59.55741292,1
ME-1Q2004791,Bath Village,13.07693435,-59.5548785,1
ME-1Q2005972,Bath Village,13.07743059,-59.56507281,1
ME-1Q2004818,Bath Village,13.0775941,-59.55535957,1
ME-1Q2006017,Bath Village,13.07747425,-59.56387993,1
ME-1Q2006014,Bath Village,13.07747787,-59.56392908,1
ME-1Q2005815,Bath Village,13.0798919,-59.56013157,1
ME-1Q2005824,Bath Village,13.07999363,-59.56023958,1
ME-1Q2005825,Bath Village,13.07998849,-59.56021036,1
ME-1Q2006464,Bath Village,13.07329146,-59.5615309,1
ME-1Q2005361,Bath Village,13.07381369,-59.55938643,1
ME-1Q2005385,Bath Village,13.0739059,-59.55837173,1
ME-1P1001652,Bath Village,13.0737891,-59.55677202,1
ME-1P1001665,Bath Village,13.0743695,-59.55743288,1
ME-1P1000900,Bath Village,13.07439384,-59.55601389,1
ME-1Q2005380,Bath Village,13.0743844,-59.55781363,1
ME-1Q2005381,Bath Village,13.07437412,-59.55766542,1
ME-1Q2005379,Bath Village,13.07440311,-59.5578598,1
ME-1Q2004085,Bath Village,13.07450518,-59.56159807,1
ME-1Q2005148,Bath Village,13.07441892,-59.55885957,1
ME-1P1000904,Bath Village,13.0744019,-59.55635199,1
ME-1P1001530,Bath Village,13.07498582,-59.5612981,1
ME-1P1001550,Bath Village,13.0749637,-59.56247475,1
ME-1Q2005383,Bath Village,13.07513856,-59.5584376,1
ME-1Q2005120,Bath Village,13.07487004,-59.56245937,1
ME-1Q2004855,Bath Village,13.07619246,-59.55864074,1
ME-1Q2004964,Bath Village,13.07608418,-59.55996713,1
ME-1Q2004885,Bath Village,13.07614827,-59.56124024,1
ME-1Q2004849,Bath Village,13.07617169,-59.55786161,1
ME-1Q2005003,Bath Village,13.07693313,-59.56012246,1
ME-1Q2004954,Bath Village,13.07693539,-59.55538407,1
ME-1Q2004794,Bath Village,13.07691846,-59.55438408,1
ME-1Q2005005,Bath Village,13.07700005,-59.56010563,1
ME-1P1000787,Bath Village,13.07693072,-59.55314947,1
ME-1Q2004747,Bath Village,13.07693592,-59.55881471,1
ME-1Q2004858,Bath Village,13.07696412,-59.56023717,1
ME-1Q2004725,Bath Village,13.07759866,-59.55595345,1
ME-1Q2004828,Bath Village,13.07743811,-59.55552285,1
ME-1Q2005032,Bath Village,13.07743658,-59.55757646,1
ME-1Q2004810,Bath Village,13.07754983,-59.5549694,1
ME-1Q2006015,Bath Village,13.07756092,-59.56405615,1
ME-1Q2004735,Bath Village,13.07807375,-59.55757711,1
ME-1Q2005981,Bath Village,13.07815482,-59.56460992,1
ME-1Q2005152,Bath Village,13.07892234,-59.56037195,1
ME-1Q2005822,Bath Village,13.07996425,-59.56024503,1
ME-1Q2005823,Bath Village,13.07996055,-59.56021469,1
ME-1Q2005672,Bath Village,13.07984115,-59.56066898,1
ME-1Q2005134,Bath Village,13.07324282,-59.55989807,1
ME-1Q2006465,Bath Village,13.07328557,-59.56138916,1
ME-1P1001842,Bath Village,13.07310938,-59.56158006,1
ME-1Q2005346,Bath Village,13.07385578,-59.5591367,1
ME-1Q2004804,Bath Village,13.07370755,-59.55498363,1
ME-1P1000899,Bath Village,13.07382234,-59.55655995,1
ME-1Q2005362,Bath Village,13.07449572,-59.5593961,1
ME-1P1001588,Bath Village,13.07449768,-59.56225068,1
ME-1Q2004164,Bath Village,13.07437935,-59.56088697,1
ME-1Q2004706,Bath Village,13.07448238,-59.55567154,1
ME-1Q2005139,Bath Village,13.0741632,-59.55826192,1
ME-1Q2005012,Bath Village,13.07516596,-59.55914317,1
ME-1P1001645,Bath Village,13.07513212,-59.55761112,1
ME-1Q2004980,Bath Village,13.07509769,-59.56161104,1
ME-1Q2004715,Bath Village,13.07513142,-59.55887904,1
ME-1Q2005013,Bath Village,13.07501918,-59.55930601,1
ME-1Q2004053,Bath Village,13.07518101,-59.56114564,1
ME-1Q2005387,Bath Village,13.07518871,-59.55989076,1
ME-1P1000697,Bath Village,13.07618376,-59.56157854,1
ME-1P1001602,Bath Village,13.07619694,-59.56053972,1
ME-1Q2004958,Bath Village,13.07633949,-59.55829694,1
ME-1Q2004850,Bath Village,13.07623668,-59.55427675,1
ME-1Q2004933,Bath Village,13.07615495,-59.55833821,1
ME-1Q2004882,Bath Village,13.07616085,-59.56104046,1
ME-1Q2004781,Bath Village,13.07617092,-59.5547429,1
ME-1Q2004937,Bath Village,13.07684902,-59.55930834,1
ME-1Q2004921,Bath Village,13.07697805,-59.56056468,1
ME-1P1000599,Bath Village,13.07694178,-59.56213772,1
ME-1Q2004871,Bath Village,13.07687566,-59.56195992,1
ME-1P1001594,Bath Village,13.07686156,-59.56069055,1
ME-1Q2004608,Bath Village,13.07707681,-59.55890409,1
ME-1Q2004826,Bath Village,13.07748065,-59.55570206,1
ME-1Q2005887,Bath Village,13.07752282,-59.56330682,1
ME-1Q2005027,Bath Village,13.07746608,-59.55754358,1
ME-1Q2005971,Bath Village,13.07748788,-59.56529542,1
ME-1Q2005029,Bath Village,13.07750976,-59.55781406,1
ME-1Q2005991,Bath Village,13.07819667,-59.56509798,1
ME-1Q2005709,Bath Village,13.07999857,-59.56035654,1
ME-1Q2005706,Bath Village,13.08002663,-59.56046786,1
ME-1Q2005396,Bath Village,13.07454977,-59.55967433,1
ME-1Q2005397,Bath Village,13.07452968,-59.55963833,1
ME-1P1001552,Bath Village,13.07451293,-59.56258962,1
ME-1P1001278,Bath Village,13.07462411,-59.55757267,1
ME-1Q2004084,Bath Village,13.07451244,-59.56149347,1
ME-1Q2004951,Bath Village,13.07448837,-59.5606615,1
ME-1P1000634,Bath Village,13.07452486,-59.56146494,1
ME-1Q2004714,Bath Village,13.07517496,-59.55927897,1
ME-1Q2004822,Bath Village,13.07523266,-59.55729763,1
ME-1Q2005092,Bath Village,13.07524951,-59.5623408,1
ME-1P1000696,Bath Village,13.07618685,-59.56172057,1
ME-1Q2004778,Bath Village,13.07631257,-59.55452971,1
ME-1P1001612,Bath Village,13.07625925,-59.55878777,1
ME-1Q2004990,Bath Village,13.07710257,-59.56083393,1
ME-1Q2004801,Bath Village,13.07702736,-59.55410838,1
ME-1Q2004993,Bath Village,13.0771294,-59.56080959,1
ME-1Q2004796,Bath Village,13.0770125,-59.55406396,1
ME-1Q2004721,Bath Village,13.07704463,-59.55515394,1
ME-1Q2005994,Bath Village,13.07692708,-59.56520055,1
ME-1Q2005998,Bath Village,13.07694597,-59.56517665,1
ME-1Q2004919,Bath Village,13.0771057,-59.56074654,1
ME-1Q2004920,Bath Village,13.07712826,-59.5607763,1
ME-1Q2005031,Bath Village,13.0775678,-59.55752325,1
ME-1Q2004829,Bath Village,13.07755757,-59.55525867,1
ME-1Q2004821,Bath Village,13.07760851,-59.55505669,1
ME-1Q2005712,Bath Village,13.08077628,-59.5609477,1
ME-1Q2005371,Bath Village,13.07325077,-59.55664713,1
ME-1Q2005432,Bath Village,13.07372599,-59.55659478,1
ME-1P1001438,Bath Village,13.07374748,-59.55512067,1
ME-1P1000572,Bath Village,13.07377192,-59.56062818,1
ME-1Q2005350,Bath Village,13.07371412,-59.55859159,1
ME-1P1001441,Bath Village,13.07390731,-59.55508367,1
ME-1Q2006259,Bath Village,13.07408129,-59.55810946,1
ME-1P1000649,Bath Village,13.0737796,-59.55533123,1
ME-1P1001589,Bath Village,13.07448295,-59.56215716,1
ME-1P1001587,Bath Village,13.07451701,-59.56231438,1
ME-1P1001533,Bath Village,13.07453041,-59.5593565,1
ME-1P1001555,Bath Village,13.07455394,-59.56175643,1
ME-1P1001644,Bath Village,13.07455803,-59.55737514,1
ME-1Q2005147,Bath Village,13.07441765,-59.55868093,1
ME-1Q2005007,Bath Village,13.07509595,-59.56102035,1
ME-1Q2004897,Bath Village,13.07534924,-59.55722033,1
ME-1Q2004716,Bath Village,13.07532351,-59.55903401,1
ME-1Q2004995,Bath Village,13.07534044,-59.56152393,1
ME-1Q2004862,Bath Village,13.07632479,-59.55555512,1
ME-1Q2005118,Bath Village,13.07638895,-59.56229203,1
ME-1Q2004856,Bath Village,13.07629207,-59.55891478,1
ME-1Q2004779,Bath Village,13.07634058,-59.55455896,1
ME-1Q2004776,Bath Village,13.07630059,-59.55613607,1
ME-1Q2005045,Bath Village,13.07624725,-59.5570454,1
ME-1Q2005044,Bath Village,13.07632774,-59.55722007,1
ME-1Q2004948,Bath Village,13.07633107,-59.56097985,1
ME-1Q2006001,Bath Village,13.07698211,-59.56517945,1
ME-1Q2005985,Bath Village,13.07693964,-59.5654845,1
ME-1Q2004842,Bath Village,13.07707589,-59.55585999,1
ME-1Q2005970,Bath Village,13.0775819,-59.56532534,1
ME-1Q2004820,Bath Village,13.07762737,-59.5550839,1
ME-1Q2004819,Bath Village,13.07762667,-59.55512522,1
ME-1Q2006008,Bath Village,13.07758482,-59.56501728,1
ME-1Q2007292,Bath Village,13.07997062,-59.56108204,1
ME-1Q2005671,Bath Village,13.08004951,-59.5606215,1
ME-1Q2004403,Bath Village,13.08075403,-59.56054759,1
ME-1Q2005137,Bath Village,13.07376566,-59.5587633,1
ME-1Q2004789,Bath Village,13.07381147,-59.55553677,1
ME-1P1000647,Bath Village,13.073974,-59.55671037,1
ME-1P1000902,Bath Village,13.07369935,-59.55702147,1
ME-1P1000417,Bath Village,13.07460758,-59.55932921,1
ME-1P1001642,Bath Village,13.07520249,-59.55794224,1
ME-1Q2005928,Bath Village,13.07538196,-59.56006983,1
ME-1Q2004994,Bath Village,13.07537195,-59.56174741,1
ME-1Q2004884,Bath Village,13.07631536,-59.56142631,1
ME-1Q2004864,Bath Village,13.07645148,-59.55498641,1
ME-1Q2004771,Bath Village,13.07637523,-59.55531997,1
ME-1P1000694,Bath Village,13.0763117,-59.5615689,1
ME-1Q2004918,Bath Village,13.07635892,-59.56116276,1
ME-1Q2004935,Bath Village,13.07701766,-59.55926837,1
ME-1Q2005888,Bath Village,13.07696557,-59.5641482,1
ME-1P1001298,Bath Village,13.07706506,-59.55375217,1
ME-1Q2006011,Bath Village,13.07707829,-59.56489425,1
ME-1Q2007312,Bath Village,13.07702716,-59.56224428,1
ME-1Q2005033,Bath Village,13.0776575,-59.55775337,1
ME-1Q2004748,Bath Village,13.07764764,-59.55705258,1
ME-1Q2005974,Bath Village,13.07781697,-59.5642881,1
ME-1Q2006006,Bath Village,13.07762499,-59.56529474,1
ME-1Q2005976,Bath Village,13.07778874,-59.5641949,1
ME-1Q2005973,Bath Village,13.07755196,-59.56528449,1
ME-1Q2004733,Bath Village,13.07755924,-59.55647733,1
ME-1Q2006016,Bath Village,13.07772523,-59.56398241,1
ME-1U2000709,Bath Village,13.07161682,-59.56784591,1
ME-1P1002673,Bath Village,13.06907729,-59.56831149,1
ME-1P1002671,Bath Village,13.06983593,-59.56822086,1
ME-1U2000462,Bath Village,13.06880417,-59.56871324,1
ME-1Q2015346,Bath Village,13.07128357,-59.56766937,1
ME-1Q2014183,Bath Village,13.06843354,-59.56838023,1
ME-1Q2015994,Bath Village,13.07663591,-59.5607658,1
ME-1P1003041,Bath Village,13.07078916,-59.56739178,1
ME-1Q2015996,Bath Village,13.07575175,-59.56155151,1
ME-1U2000718,Bath Village,13.07158695,-59.56784711,1
ME-1Q2014184,Bath Village,13.06864978,-59.56858541,1
ME-1U2000717,Bath Village,13.07207164,-59.56752795,1
ME-1Q2016108,Bath Village,13.07366555,-59.55499052,1
ME-1Q2009604,Bath Village,13.07535589,-59.55768296,1
ME-1U2000464,Bath Village,13.06883712,-59.5687284,1
ME-1P1000897,Bath Village,13.07665355,-59.55927623,1
ME-1Q2015301,Bath Village,13.07163793,-59.56623207,1
ME-1P1002831,Bath Village,13.07680679,-59.55848561,1
ME-1Q2015749,Bath Village,13.07257309,-59.56751287,1
ME-1Q2016009,Bath Village,13.07789013,-59.56446679,1
ME-1Q2011001,Bath Village,13.07080096,-59.56766874,1
ME-1P1002841,Bath Village,13.0763526,-59.56129451,1
ME-1Q2002268,Bath Village,13.07771008,-59.56177695,1
ME-1P1000895,Bath Village,13.07678975,-59.56033851,1
ME-1P1002816,Bath Village,13.06959182,-59.56873267,1
ME-1Q2015300,Bath Village,13.07236162,-59.56703159,1
ME-1Q2015748,Bath Village,13.07290187,-59.56746186,1
ME-1Q2015747,Bath Village,13.07252202,-59.56728237,1
ME-1P1002833,Bath Village,13.07696152,-59.55892875,1
ME-1P1002815,Bath Village,13.06999836,-59.56914874,1
ME-1P1002672,Bath Village,13.06856166,-59.56877472,1
ME-1Q2016085,Bath Village,13.07324102,-59.56812368,1
ME-1Q2004787,Bath Village,13.07379918,-59.55542665,1
ME-1P1002832,Bath Village,13.07348861,-59.5570304,1
ME-1U2000719,Bath Village,13.07168395,-59.56754411,1
ME-1Q2015298,Bath Village,13.07096267,-59.56763243,1
ME-1P1004565,Bath Village,13.06829845,-59.56902398,1
ME-1P1001853,Bath Village,13.06816007,-59.5695141,1
ME-1P1001867,Bath Village,13.06903621,-59.57521049,1
ME-1P1005179,Bath Village,13.06748047,-59.56616479,1
ME-1Q2016107,Bath Village,13.07746538,-59.55649989,1
ME-1P1001994,Bath Village,13.07037483,-59.57418434,1
ME-1P1005180,Bath Village,13.07028891,-59.5720973,1
ME-1P1004567,Bath Village,13.06705217,-59.56504002,1
ME-1P1005184,Bath Village,13.06997944,-59.57297254,1
ME-1U2000461,Bath Village,13.06884821,-59.56876079,1
ME-1P1001916,Bath Village,13.07002042,-59.57525584,1
ME-1P1001866,Bath Village,13.06952824,-59.57524476,1
ME-1P1001869,Bath Village,13.06994296,-59.5752122,1
ME-1P1001898,Bath Village,13.06921672,-59.57437405,1
ME-1P1001914,Bath Village,13.07001416,-59.57540611,1
ME-1Q2014185,Bath Village,13.06842396,-59.5683481,1
ME-1P1004566,Bath Village,13.07008225,-59.57264356,1
ME-1P1005186,Bath Village,13.06962332,-59.57349433,1
ME-1P1005181,Bath Village,13.06767297,-59.56523101,1
ME-1P1001915,Bath Village,13.06991694,-59.575396,1
ME-1Q2016997,Bath Village,13.07076229,-59.56736359,1
ME-1Q2016008,Bath Village,13.07605094,-59.55744618,1
ME-1P1005188,Bath Village,13.07020175,-59.57388848,1
ME-1Q2005473,Bath Village,13.07795165,-59.5614823,1
ME-1P1004453,Bath Village,13.06636654,-59.56521593,1
ME-1P1004518,Bath Village,13.06899467,-59.56943923,1
ME-1P1005183,Bath Village,13.07043194,-59.5729236,1
ME-1P1001997,Bath Village,13.07034372,-59.57412581,1
ME-1P1004519,Bath Village,13.15583797,-59.62715688,1
ME-1Q2015299,Bath Village,13.0723734,-59.56707719,1
ME-1U2000720,Bath Village,13.07174538,-59.56679663,1
ME-1P1004574,Bath Village,13.06889075,-59.5696078,1
ME-1P1005189,Bath Village,13.06932191,-59.57631166,1
ME-1Q2006103,Bath Village,13.07267618,-59.5598115,1
ME-1P1004511,Bath Village,13.06993598,-59.57273302,1
ME-1Q2014182,Bath Village,13.06841085,-59.56831047,1
ME-1P1001901,Bath Village,13.06938461,-59.57534875,1
ME-1P1001995,Bath Village,13.06942344,-59.5746015,1
ME-1P1001996,Bath Village,13.06990294,-59.57452358,1
ME-1Q2010998,Bath Village,13.07277715,-59.56487353,1
ME-1P1002838,Bath Village,13.07625431,-59.56052482,1
ME-1Q2015995,Bath Village,13.0760141,-59.56028039,1
ME-1P1002817,Bath Village,13.06886979,-59.56816092,1
ME-1P1002830,Bath Village,13.07685627,-59.55864337,1
ME-1P1002440,Bath Village,13.06906127,-59.56816057,1
ME-1Q2016006,Bath Village,13.07751495,-59.56477189,1
ME-1Q2015168,Bath Village,13.0757905,-59.56177364,1
ME-1Q2015910,Bath Village,13.07403312,-59.55546422,1
ME-1Q2016007,Bath Village,13.07580379,-59.55728804,1
ME-1P1005185,Bath Village,13.07018189,-59.57306385,1
ME-1Q2019843,Bath Village,13.06883868,-59.56579452,1
ME-1U2001418,Bath Village,13.06513911,-59.56630005,1
ME-1U2001676,Bath Village,13.06762742,-59.57277771,1
ME-1Q2017632,Bath Village,13.06941739,-59.57365977,1
ME-1U2000971,Bath Village,13.06802127,-59.56941591,1
ME-1U2001135,Bath Village,13.06779456,-59.56943064,1
ME-1Q2017905,Bath Village,13.06681947,-59.56506899,1
ME-1Q2017778,Bath Village,13.07105039,-59.57152421,1
ME-1U2001202,Bath Village,13.06762833,-59.57476423,1
ME-1Q2017622,Bath Village,13.07067757,-59.57190678,1
ME-1Q2017599,Bath Village,13.07018037,-59.57450731,1
ME-1Q2019538,Bath Village,13.07645329,-59.55881591,1
ME-1P1004577,Bath Village,13.06843376,-59.56921602,1
ME-1P1005187,Bath Village,13.069345,-59.573902,1
ME-1P1004569,Bath Village,13.06921204,-59.56935402,1
ME-1P1004512,Bath Village,13.07012439,-59.57238872,1
ME-1Q2017657,Bath Village,13.06788206,-59.57313565,1
ME-1Q2017603,Bath Village,13.07022415,-59.57418535,1
ME-1Q2017595,Bath Village,13.06994152,-59.57410039,1
ME-1Q2017860,Bath Village,13.07053957,-59.57096859,1
ME-1U2001133,Bath Village,13.06871597,-59.56922865,1
ME-1Q2017655,Bath Village,13.0678584,-59.57311104,1
ME-1Q2017886,Bath Village,13.06644418,-59.56473936,1
ME-1Q2017868,Bath Village,13.07036048,-59.57079446,1
ME-1Q2017853,Bath Village,13.07030449,-59.57124674,1
ME-1Q2021057,Bath Village,13.06781835,-59.56867086,1
ME-1U2001088,Bath Village,13.06590571,-59.56597314,1
ME-1U2001082,Bath Village,13.06599723,-59.56602069,1
ME-1U2000932,Bath Village,13.06603173,-59.56601131,1
ME-1Q2017843,Bath Village,13.06855164,-59.56664347,1
ME-1Q2017766,Bath Village,13.06798743,-59.56730189,1
ME-1U2002043,Bath Village,13.06763622,-59.57182572,1
ME-1Q2019221,Bath Village,13.07020786,-59.57234101,1
ME-1P1004513,Bath Village,13.07016208,-59.57216574,1
ME-1Q2021050,Bath Village,13.06688385,-59.56686207,1
ME-1Q2020927,Bath Village,13.06677905,-59.56725004,1
ME-1U2001081,Bath Village,13.06589442,-59.56593348,1
ME-1U2001343,Bath Village,13.06919329,-59.57448592,1
ME-1U2001189,Bath Village,13.06718466,-59.57289847,1
ME-1U2001218,Bath Village,13.06524002,-59.56642766,1
ME-1Q2017641,Bath Village,13.07080423,-59.571822,1
ME-1Q2017672,Bath Village,13.06971022,-59.57348135,1
ME-1Q2017673,Bath Village,13.0695726,-59.5721803,1
ME-1Q2017590,Bath Village,13.06923289,-59.57418917,1
ME-1U2001236,Bath Village,13.06520672,-59.56644128,1
ME-1U2001318,Bath Village,13.06882609,-59.57500361,1
ME-1U2001311,Bath Village,13.06900494,-59.57509741,1
ME-1U2001314,Bath Village,13.06884574,-59.57664988,1
ME-1Q2017969,Bath Village,13.07038269,-59.57154078,1
ME-1Q2017769,Bath Village,13.07026429,-59.5715747,1
ME-1Q2017637,Bath Village,13.07024488,-59.57317899,1
ME-1Q2017866,Bath Village,13.07012005,-59.5708528,1
ME-1U2001350,Bath Village,13.06943864,-59.5750659,1
ME-1U2001320,Bath Village,13.06898016,-59.57498397,1
ME-1U2001323,Bath Village,13.06889348,-59.57495641,1
ME-1Q2017856,Bath Village,13.07009859,-59.57046344,1
ME-1U2001339,Bath Village,13.0690342,-59.57496476,1
ME-1Q2017930,Bath Village,13.06928779,-59.56666254,1
ME-1Q2017890,Bath Village,13.06644358,-59.56486895,1
ME-1Q2017889,Bath Village,13.06642768,-59.56483214,1
ME-1U2001076,Bath Village,13.06565316,-59.56669683,1
ME-1U2001027,Bath Village,13.0665908,-59.56781259,1
ME-1U2001105,Bath Village,13.06762785,-59.56895373,1
ME-1U2000931,Bath Village,13.06606819,-59.56599997,1
ME-1U2001093,Bath Village,13.06658678,-59.56774614,1
ME-1U2001018,Bath Village,13.06658684,-59.56777644,1
ME-1Q2017621,Bath Village,13.06966735,-59.57331634,1
ME-1Q2017610,Bath Village,13.0694325,-59.57513193,1
ME-1U2001211,Bath Village,13.06795806,-59.57498645,1
ME-1U2001279,Bath Village,13.06894944,-59.57659033,1
ME-1Q2020672,Bath Village,13.06764031,-59.57330264,1
ME-1Q2017912,Bath Village,13.06887859,-59.56680144,1
ME-1Q2017598,Bath Village,13.07019118,-59.57438939,1
ME-1Q2017888,Bath Village,13.06641193,-59.56475435,1
ME-1U2002051,Bath Village,13.06578515,-59.56563761,1
ME-1U2001109,Bath Village,13.06688484,-59.56879881,1
ME-1P1005107,Bath Village,13.06765529,-59.57214813,1
ME-1Q2018165,Bath Village,13.06830364,-59.56995572,1
ME-1U2002045,Bath Village,13.06813352,-59.57506444,1
ME-1Q2017780,Bath Village,13.07112915,-59.571914,1
ME-1Q2017625,Bath Village,13.07002966,-59.57266227,1
ME-1Q2017688,Bath Village,13.06866896,-59.56712961,1
ME-1Q2017852,Bath Village,13.07019959,-59.57110095,1
ME-1U2001344,Bath Village,13.06885863,-59.57498581,1
ME-1U2001307,Bath Village,13.06903196,-59.57499884,1
ME-1U2001712,Bath Village,13.06691507,-59.56840319,1
ME-1U2001260,Bath Village,13.06544099,-59.56581962,1
ME-1Q2017631,Bath Village,13.07032778,-59.57334803,1
ME-1P1001868,Bath Village,13.06933027,-59.57522705,1
ME-1P1004576,Bath Village,13.06874907,-59.56937623,1
ME-1P1001899,Bath Village,13.07023983,-59.57528565,1
ME-1P1004571,Bath Village,13.06664634,-59.5670626,1
ME-1P1004562,Bath Village,13.06806182,-59.56962175,1
ME-1P1004575,Bath Village,13.06849725,-59.56934162,1
ME-1U2001092,Bath Village,13.06622802,-59.56719137,1
ME-1U2001338,Bath Village,13.06894686,-59.57498604,1
ME-1U2001310,Bath Village,13.06889114,-59.57505787,1
ME-1Q2017845,Bath Village,13.06805415,-59.56627713,1
ME-1Q2020673,Bath Village,13.06775823,-59.57328789,1
ME-1U2001091,Bath Village,13.06623027,-59.56715627,1
ME-1U2001107,Bath Village,13.06739874,-59.56900321,1
ME-1U2001086,Bath Village,13.0657543,-59.56670375,1
ME-1U2001121,Bath Village,13.06834103,-59.56924082,1
ME-1Q2020922,Bath Village,13.06972663,-59.56986743,1
ME-1Q2017972,Bath Village,13.06689579,-59.56612067,1
ME-1Q2017869,Bath Village,13.07017692,-59.5706209,1
ME-1U2001084,Bath Village,13.06592626,-59.56604143,1
ME-1P1001900,Bath Village,13.07014447,-59.57465051,1
ME-1P1004517,Bath Village,13.06840886,-59.5689766,1
ME-1P1004563,Bath Village,13.06838515,-59.5695865,1
ME-1P1001852,Bath Village,13.06810155,-59.56959774,1
ME-1U2001085,Bath Village,13.06548411,-59.566756,1
ME-1U2001341,Bath Village,13.06913487,-59.57584097,1
ME-1U2001301,Bath Village,13.06955638,-59.57539451,1
ME-1U2001095,Bath Village,13.06649557,-59.56778419,1
ME-1Q2017924,Bath Village,13.06958542,-59.56657923,1
ME-1Q2017762,Bath Village,13.06729497,-59.5668006,1
ME-1U2001118,Bath Village,13.0668525,-59.56879937,1
ME-1U2001132,Bath Village,13.06861723,-59.56899251,1
ME-1U2001116,Bath Village,13.06767674,-59.56963723,1
ME-1U2001345,Bath Village,13.06925157,-59.57432503,1
ME-1U2001080,Bath Village,13.06568665,-59.56669099,1
ME-1Q2017633,Bath Village,13.06939439,-59.57348018,1
ME-1Q2017605,Bath Village,13.06953383,-59.57392481,1
ME-1Q2017917,Bath Village,13.07018769,-59.56595756,1
ME-1Q2017863,Bath Village,13.06984788,-59.56943152,1
ME-1U2001073,Bath Village,13.06561395,-59.56674519,1
ME-1U2001223,Bath Village,13.090713,-59.60884,1
ME-1U2002133,Bath Village,13.0680058,-59.57393862,1
ME-1Q2017896,Bath Village,13.06869797,-59.56584257,1
ME-1Q2017973,Bath Village,13.06754646,-59.56650686,1
ME-1Q2017859,Bath Village,13.07092563,-59.5711869,1
ME-1U2001194,Bath Village,13.06711401,-59.57289332,1
ME-1Q2017612,Bath Village,13.0687121,-59.56950081,1
ME-1Q2017620,Bath Village,13.06990185,-59.57318924,1
ME-1P1004510,Bath Village,13.07044702,-59.57226394,1
ME-1Q2018086,Bath Village,13.07689673,-59.56479056,1
ME-1U2001305,Bath Village,13.06887149,-59.57508777,1
ME-1Q2017615,Bath Village,13.06958859,-59.57632894,1
ME-1U2001713,Bath Village,13.06774485,-59.56900224,1
ME-1U2002134,Bath Village,13.06789239,-59.57450535,1
ME-1U2001530,Bath Village,13.06537656,-59.56598223,1
ME-1U2002042,Bath Village,13.06764945,-59.57197198,1
ME-1U2000966,Bath Village,13.06641117,-59.56519743,1
ME-1Q2017770,Bath Village,13.06724904,-59.56654748,1
ME-1U2001185,Bath Village,13.06759903,-59.57493393,1
ME-1Q2017894,Bath Village,13.06909345,-59.56628829,1
ME-1Q2017846,Bath Village,13.07063119,-59.57104934,1
ME-1Q2017862,Bath Village,13.06944546,-59.56950289,1
ME-1Q2017915,Bath Village,13.06997383,-59.56620691,1
ME-1Q2017781,Bath Village,13.07132899,-59.57183124,1
ME-1P1004516,Bath Village,13.06788669,-59.56938321,1
ME-1U2001087,Bath Village,13.06568548,-59.56688737,1
ME-1U2001114,Bath Village,13.06699248,-59.56879834,1
ME-1Q2017593,Bath Village,13.06987658,-59.57433611,1
ME-1Q2017600,Bath Village,13.07019281,-59.57444258,1
ME-1Q2017858,Bath Village,13.07047535,-59.57112491,1
ME-1Q2017765,Bath Village,13.0674935,-59.5672376,1
ME-1U2001810,Bath Village,13.06739129,-59.56886546,1
ME-1U2002041,Bath Village,13.06793002,-59.57175718,1
ME-1U2001711,Bath Village,13.0669525,-59.56840323,1
ME-1U2002135,Bath Village,13.06795816,-59.57448316,1
ME-1Q2017898,Bath Village,13.06578942,-59.56543256,1
ME-1U2001226,Bath Village,13.0651257,-59.56643775,1
ME-1U2001215,Bath Village,13.06711899,-59.57274439,1
ME-1U2001352,Bath Village,13.06940446,-59.57497417,1
ME-1U2001195,Bath Village,13.06714883,-59.57289545,1
ME-1U2001281,Bath Village,13.06898383,-59.57686617,1
ME-1Q2017774,Bath Village,13.07054952,-59.57163906,1
ME-1Q2017357,Bath Village,13.07300391,-59.56334281,1
ME-1U2001108,Bath Village,13.06745713,-59.56929261,1
ME-1P1004521,Bath Village,13.069825,-59.56984443,1
ME-1P1001917,Bath Village,13.06952765,-59.5751477,1
ME-1Q2017971,Bath Village,13.06718118,-59.56629542,1
ME-1U2001309,Bath Village,13.06902347,-59.57506926,1
ME-1U2001333,Bath Village,13.06899433,-59.57503232,1
ME-1U2001130,Bath Village,13.06827469,-59.56918413,1
ME-1U2001197,Bath Village,13.06761832,-59.57472947,1
ME-1U2001302,Bath Village,13.06946051,-59.57538664,1
ME-1U2001217,Bath Village,13.06536825,-59.56601385,1
ME-1U2001204,Bath Village,13.06755198,-59.5748308,1
ME-1U2001349,Bath Village,13.06956049,-59.57507781,1
ME-1U2001321,Bath Village,13.06892932,-59.57495813,1
ME-1Q2017640,Bath Village,13.07097695,-59.57196013,1
ME-1Q2020670,Bath Village,13.0678168,-59.57310885,1
ME-1U2000968,Bath Village,13.06641317,-59.56531517,1
ME-1U2001315,Bath Village,13.06892383,-59.57684151,1
ME-1U2001233,Bath Village,13.06520789,-59.56626389,1
ME-1Q2017936,Bath Village,13.06966928,-59.56622973,1
ME-1U2001224,Bath Village,13.06516325,-59.56581062,1
ME-1U2001213,Bath Village,13.06715615,-59.57270336,1
ME-1T4000176,Bath Village,13.07007839,-59.56805671,1
ME-1U2002050,Bath Village,13.06540377,-59.56575755,1
ME-1U2001312,Bath Village,13.06889361,-59.5750216,1
ME-1U2001348,Bath Village,13.06981831,-59.57500351,1
ME-1U2001017,Bath Village,13.06652925,-59.56781052,1
ME-1Q2017591,Bath Village,13.06950277,-59.57429733,1
ME-1Q2017654,Bath Village,13.06973315,-59.57705619,1
ME-1Q2017923,Bath Village,13.06955062,-59.56658902,1
ME-1Q2017861,Bath Village,13.07078202,-59.57122994,1
ME-1Q2017872,Bath Village,13.0696156,-59.56972517,1
ME-1U2001117,Bath Village,13.06695403,-59.56879735,1
ME-1Q2017966,Bath Village,13.07051008,-59.57142212,1
ME-1Q2017611,Bath Village,13.07003086,-59.57465162,1
ME-1Q2017767,Bath Village,13.06803752,-59.56728869,1
ME-1U2001090,Bath Village,13.06623347,-59.56712414,1
ME-1Q2017629,Bath Village,13.07060572,-59.57247749,1
ME-1Q2017617,Bath Village,13.0694292,-59.57631812,1
ME-1Q2017831,Bath Village,13.06863686,-59.5671221,1
ME-1U2001232,Bath Village,13.0652366,-59.56625088,1
ME-1U2001943,Bath Village,13.06551399,-59.56578346,1
ME-1Q2017604,Bath Village,13.06931221,-59.57400038,1
ME-1Q2017925,Bath Village,13.06966339,-59.56666953,1
ME-1U2001123,Bath Village,13.06839296,-59.56939669,1
ME-1U2001096,Bath Village,13.06653008,-59.56777577,1
ME-1U2001074,Bath Village,13.06561236,-59.56678467,1
ME-1U2001192,Bath Village,13.06711804,-59.57285799,1
ME-1P1004520,Bath Village,13.06883756,-59.56990194,1
ME-1P1005182,Bath Village,13.07065363,-59.57275888,1
ME-1Q2017847,Bath Village,13.07030985,-59.57100184,1
ME-1U2001112,Bath Village,13.06702417,-59.56860029,1
ME-1Q2017642,Bath Village,13.07077791,-59.57207316,1
ME-1Q2017850,Bath Village,13.07024373,-59.57131758,1
ME-1U2001221,Bath Village,13.06534614,-59.56598705,1
ME-1Q2017779,Bath Village,13.07097414,-59.57141338,1
ME-1Q2017864,Bath Village,13.06973443,-59.56939903,1
ME-1W2000380,Bath Village,13.06511427,-59.56613621,1
ME-1U2000965,Bath Village,13.06795594,-59.56947013,1
ME-1U2001106,Bath Village,13.0677004,-59.56893187,1
ME-1Q2017645,Bath Village,13.07038738,-59.57205765,1
ME-1Q2017968,Bath Village,13.07044092,-59.57174179,1
ME-1Q2017857,Bath Village,13.0701261,-59.57049614,1
ME-1U2001682,Bath Village,13.06767148,-59.57235945,1
ME-1P1004514,Bath Village,13.06842938,-59.56888814,1
ME-1Q2021055,Bath Village,13.06842172,-59.5696716,1
ME-1Q2017623,Bath Village,13.07000736,-59.57245381,1
ME-1Q2017830,Bath Village,13.06860227,-59.56712452,1
ME-1Q2017932,Bath Village,13.06923909,-59.56663241,1
ME-1Q2017870,Bath Village,13.06996816,-59.57066804,1
ME-1U2001219,Bath Village,13.06527018,-59.56641334,1
ME-1U2001191,Bath Village,13.06718743,-59.57270114,1
ME-1Q2017687,Bath Village,13.06831359,-59.56692869,1
ME-1U2001342,Bath Village,13.06903482,-59.57526715,1
ME-1U2001346,Bath Village,13.06956515,-59.57500349,1
ME-1U2001336,Bath Village,13.0688599,-59.57502114,1
ME-1U2001306,Bath Village,13.06890118,-59.5768046,1
ME-1U2001193,Bath Village,13.06711494,-59.57281906,1
ME-1U2001220,Bath Village,13.06514624,-59.56646835,1
ME-1U2001674,Bath Village,13.06763438,-59.57235909,1
ME-1U2001684,Bath Village,13.06774611,-59.57239507,1
ME-1U2001216,Bath Village,13.06712307,-59.57270374,1
ME-1U2001200,Bath Village,13.0675553,-59.57475277,1
ME-1Q2017967,Bath Village,13.07029173,-59.57180116,1
ME-1U2001198,Bath Village,13.06756578,-59.57486502,1
ME-1U2001317,Bath Village,13.06885952,-59.57505363,1
ME-1U2001319,Bath Village,13.06902762,-59.57503446,1
ME-1U2001280,Bath Village,13.06891724,-59.57659637,1
ME-1U2001571,Bath Village,13.06795762,-59.57006029,1
ME-1U2001322,Bath Village,13.06886072,-59.57495377,1
ME-1Q2017636,Bath Village,13.07010009,-59.57324445,1
ME-1Q2017602,Bath Village,13.07030405,-59.5743201,1
ME-1U2002047,Bath Village,13.06803524,-59.57514155,1
ME-1U2001681,Bath Village,13.06771466,-59.57235813,1
ME-1Q2021267,Bath Village,13.06925423,-59.57725557,1
ME-1Q2021273,Bath Village,13.06954412,-59.57759608,1
ME-1U2002259,Bath Village,13.06654328,-59.56514527,1
ME-1U2002257,Bath Village,13.06567845,-59.56603412,1
ME-1U2002260,Bath Village,13.06555581,-59.56496565,1
ME-1Q2021567,Bath Village,13.0698072,-59.56912598,1
ME-1U2001075,Bath Village,13.06560648,-59.56682292,1
ME-1U2001377,Bath Village,13.06780574,-59.57016711,1
ME-1U2001228,Bath Village,13.0650907,-59.56637247,1
ME-1U2001324,Bath Village,13.06900031,-59.57496234,1
ME-1Q2020928,Bath Village,13.06676157,-59.56729418,1
ME-1Q2017919,Bath Village,13.06860303,-59.56682755,1
ME-1U2001077,Bath Village,13.06571897,-59.56669715,1
ME-1U2001129,Bath Village,13.06818784,-59.56908307,1
ME-1U2001131,Bath Village,13.06851743,-59.56907065,1
ME-1U2001136,Bath Village,13.06861582,-59.56912119,1
ME-1U2001188,Bath Village,13.06758482,-59.57474184,1
ME-1Q2017916,Bath Village,13.07017051,-59.56577769,1
ME-1Q2017635,Bath Village,13.07008032,-59.57341322,1
ME-1Q2021276,Bath Village,13.0701274,-59.57746654,1
ME-1Q2021275,Bath Village,13.07029841,-59.57743366,1
ME-1U2002253,Bath Village,13.0659042,-59.56506816,1
ME-1U2002430,Bath Village,13.06616229,-59.56718371,1
ME-1U2002425,Bath Village,13.06655509,-59.56771299,1
ME-1Q2020924,Bath Village,13.06924929,-59.56980855,1
ME-1Q2017671,Bath Village,13.06971194,-59.5707791,1
ME-1Q2017764,Bath Village,13.06775259,-59.56708543,1
ME-1Q2017911,Bath Village,13.06890431,-59.56632588,1
ME-1Q2017768,Bath Village,13.07026419,-59.57067836,1
ME-1Q2017937,Bath Village,13.06923465,-59.56636519,1
ME-1U2001110,Bath Village,13.06702661,-59.56879647,1
ME-1U2001124,Bath Village,13.06812183,-59.56936144,1
ME-1U2001196,Bath Village,13.06722195,-59.57273539,1
ME-1U2001332,Bath Village,13.06967714,-59.57463584,1
ME-1Q2017616,Bath Village,13.06946545,-59.57619647,1
ME-1Q2017619,Bath Village,13.06963723,-59.57289189,1
ME-1Q2017639,Bath Village,13.07088489,-59.57202508,1
ME-1Q2017686,Bath Village,13.06867406,-59.56709779,1
ME-1Q2021285,Bath Village,13.06955368,-59.57189411,1
ME-1Q2021265,Bath Village,13.0696391,-59.57210371,1
ME-1U2002231,Bath Village,13.06619819,-59.56715466,1
ME-1U2002422,Bath Village,13.06649477,-59.56781771,1
ME-1Q2021807,Bath Village,13.06630666,-59.56660622,1
ME-1U2002303,Bath Village,13.06866646,-59.57518134,1
ME-1Q2018089,Bath Village,13.07773305,-59.56470932,1
ME-1Q2020923,Bath Village,13.06964578,-59.5706283,1
ME-1Q2017355,Bath Village,13.07292851,-59.56348157,1
ME-1U2001950,Bath Village,13.06788757,-59.56972567,1
ME-1U2001710,Bath Village,13.06688591,-59.56859663,1
ME-1U2002005,Bath Village,13.06748123,-59.56914096,1
ME-1U2001673,Bath Village,13.06763901,-59.57281441,1
ME-1U2001277,Bath Village,13.06884026,-59.57661105,1
ME-1U2001347,Bath Village,13.06917475,-59.57457672,1
ME-1U2001334,Bath Village,13.06896273,-59.57495812,1
ME-1U2001199,Bath Village,13.06765773,-59.57482924,1
ME-1U2001230,Bath Village,13.06510876,-59.56631843,1
ME-1U2001304,Bath Village,13.06955263,-59.57542791,1
ME-1Q2021282,Bath Village,13.06939202,-59.57109987,1
ME-1Q2021270,Bath Village,13.06963288,-59.57751466,1
ME-1U2002421,Bath Village,13.0665857,-59.56771138,1
ME-1Q2022384,Bath Village,13.06673742,-59.56698081,1
ME-1Q2021056,Bath Village,13.06845191,-59.56950873,1
ME-1Q2020926,Bath Village,13.06691581,-59.56684935,1
ME-1U2001419,Bath Village,13.06517539,-59.56628096,1
ME-1U2001417,Bath Village,13.06533085,-59.56637913,1
ME-1Q2021274,Bath Village,13.06946121,-59.57763326,1
ME-1Q2021271,Bath Village,13.06966983,-59.57747361,1
ME-1U2002232,Bath Village,13.06619662,-59.56712148,1
ME-1U2002254,Bath Village,13.06570509,-59.56510561,1
ME-1U2002258,Bath Village,13.06659042,-59.56513127,1
ME-1U2002244,Bath Village,13.06540783,-59.56544394,1
ME-1Q2021808,Bath Village,13.06638149,-59.5665625,1
ME-1Q2020929,Bath Village,13.06675769,-59.56721004,1
ME-1U2001126,Bath Village,13.06692377,-59.56859687,1
ME-1U2001691,Bath Village,13.06776592,-59.57260415,1
ME-1U2001225,Bath Village,13.06517729,-59.56645298,1
ME-1U2001209,Bath Village,13.06752403,-59.57476241,1
ME-1Q2017634,Bath Village,13.06999156,-59.57347255,1
ME-1Q2017614,Bath Village,13.06970027,-59.57625071,1
ME-1U2002136,Bath Village,13.0679913,-59.57400249,1
ME-1Q2021272,Bath Village,13.06958404,-59.57756256,1
ME-1Q2021266,Bath Village,13.0691187,-59.57608977,1
ME-1U2002242,Bath Village,13.06622622,-59.56722127,1
ME-1Q2021564,Bath Village,13.0690727,-59.56619039,1
ME-1Q2021762,Bath Village,13.06726216,-59.56553661,1
ME-1U2002428,Bath Village,13.06651879,-59.56770872,1
ME-1U2002044,Bath Village,13.06794624,-59.57172071,1
ME-1U2001531,Bath Village,13.06530185,-59.56639966,1
ME-1Q2017618,Bath Village,13.06949371,-59.5729608,1
ME-1Q2017643,Bath Village,13.0705557,-59.57196509,1
ME-1Q2017848,Bath Village,13.07045875,-59.57088855,1
ME-1U2001083,Bath Village,13.06596269,-59.56603108,1
ME-1U2001119,Bath Village,13.06692184,-59.56879665,1
ME-1U2001113,Bath Village,13.06752483,-59.56969407,1
ME-1U2001134,Bath Village,13.06831922,-59.56891214,1
ME-1U2002426,Bath Village,13.066562,-59.56781221,1
ME-1U2002343,Bath Village,13.06944511,-59.57440699,1
ME-1U2001569,Bath Village,13.06794784,-59.57002443,1
ME-1U2001378,Bath Village,13.06786962,-59.56969424,1
ME-1Q2017901,Bath Village,13.06758411,-59.56543782,1
ME-1Q2017903,Bath Village,13.06706298,-59.56559641,1
ME-1Q2017833,Bath Village,13.06870479,-59.567321,1
ME-1Q2017594,Bath Village,13.07006753,-59.57414112,1
ME-1Q2017851,Bath Village,13.07002684,-59.57121024,1
ME-1U2001229,Bath Village,13.06507512,-59.56633698,1
ME-1U2001235,Bath Village,13.06536052,-59.56636208,1
ME-1U2001187,Bath Village,13.0675841,-59.57490096,1
ME-1Q2017854,Bath Village,13.06996944,-59.57039882,1
ME-1Q2017626,Bath Village,13.07009109,-59.57289113,1
ME-1Q2017597,Bath Village,13.07003765,-59.57431337,1
ME-1U2001078,Bath Village,13.06562026,-59.566705,1
ME-1U2001190,Bath Village,13.06722154,-59.57270295,1
ME-1U2001282,Bath Village,13.06895146,-59.57688064,1
ME-1U2001231,Bath Village,13.06538255,-59.56631089,1
ME-1U2001313,Bath Village,13.06885747,-59.57669118,1
ME-1U2001316,Bath Village,13.06886905,-59.5767294,1
ME-1Q2021268,Bath Village,13.06923066,-59.57336457,1
ME-1Q2021493,Bath Village,13.06974735,-59.56914623,1
ME-1U2002427,Bath Village,13.06652801,-59.56774394,1
ME-1U2002307,Bath Village,13.06576159,-59.56689117,1
ME-1U2002319,Bath Village,13.06748275,-59.57099614,1
ME-1U2002342,Bath Village,13.06959052,-59.57546844,1
ME-1U2001234,Bath Village,13.06539347,-59.56634295,1
ME-1U2001329,Bath Village,13.06967987,-59.57478491,1
ME-1Q2020671,Bath Village,13.06770524,-59.57293871,1
ME-1U2001692,Bath Village,13.06762064,-59.57274121,1
ME-1Q2017772,Bath Village,13.06755699,-59.56662947,1
ME-1Q2017775,Bath Village,13.07073982,-59.57145915,1
ME-1Q2017922,Bath Village,13.06888813,-59.56685762,1
ME-1Q2017596,Bath Village,13.07037445,-59.5742221,1
ME-1Q2017895,Bath Village,13.06907735,-59.56637345,1
ME-1Q2017865,Bath Village,13.0689366,-59.56935354,1
ME-1U2001303,Bath Village,13.06940102,-59.57522895,1
ME-1U2001222,Bath Village,13.06513835,-59.5658406,1
ME-1U2001214,Bath Village,13.06711759,-59.57278355,1
ME-1U2000930,Bath Village,13.06611134,-59.56598579,1
ME-1U2001186,Bath Village,13.06753883,-59.57479587,1
ME-1U2002304,Bath Village,13.06760786,-59.5700135,1
ME-1Q2021053,Bath Village,13.06703455,-59.56684447,1
ME-1U2002008,Bath Village,13.06808111,-59.57198732,1
ME-1W2000379,Bath Village,13.06507851,-59.56615761,1
ME-1U2001337,Bath Village,13.06889918,-59.57510316,1
ME-1U2001203,Bath Village,13.06722129,-59.57277227,1
ME-1U2001201,Bath Village,13.06764414,-59.57479553,1
ME-1U2001210,Bath Village,13.06796487,-59.57504799,1
ME-1Q2017832,Bath Village,13.06890419,-59.56728964,1
ME-1Q2017892,Bath Village,13.06683941,-59.56612946,1
ME-1Q2021051,Bath Village,13.06763457,-59.56875489,1
ME-1U2001944,Bath Village,13.0655471,-59.56576213,1
ME-1Q2021052,Bath Village,13.06760874,-59.56868906,1
ME-1Q2021765,Bath Village,13.06749635,-59.56547875,1
ME-1Q2021764,Bath Village,13.06689585,-59.56470617,1
ME-1U2001675,Bath Village,13.06763273,-59.57239575,1
ME-1Q2017656,Bath Village,13.06787604,-59.57307951,1
ME-1Q2017628,Bath Village,13.0702251,-59.57278099,1
ME-1Q2017624,Bath Village,13.07014952,-59.57258013,1
ME-1Q2020995,Bath Village,13.06647244,-59.56619852,1
ME-1U2001683,Bath Village,13.06774609,-59.57235769,1
ME-1U2001122,Bath Village,13.06882448,-59.5691604,1
ME-1Q2020994,Bath Village,13.06640496,-59.56685257,1
ME-1U2000961,Bath Village,13.06637088,-59.56533054,1
ME-1U2001714,Bath Village,13.06736703,-59.56911986,1
ME-1P1005587,Bath Village,13.06929069,-59.57003787,1
ME-1P1005582,Bath Village,13.06851036,-59.56887581,1
ME-1Q2021956,Bath Village,13.0703121,-59.56594005,1
ME-1U2001351,Bath Village,13.07005985,-59.57453904,1
ME-1U2001330,Bath Village,13.06950372,-59.57470753,1
ME-1U2001125,Bath Village,13.06685179,-59.5685907,1
ME-1U2001079,Bath Village,13.06528405,-59.5668435,1
ME-1Q2017644,Bath Village,13.0703658,-59.57227589,1
ME-1Q2017900,Bath Village,13.06739902,-59.56550744,1
ME-1Q2017902,Bath Village,13.06696549,-59.56562682,1
ME-1Q2017849,Bath Village,13.07085818,-59.57129686,1
ME-1U2001020,Bath Village,13.06656021,-59.56777904,1
ME-1P1005590,Bath Village,13.0702733,-59.57381302,1
ME-1U2002241,Bath Village,13.0653817,-59.56539023,1
ME-1U2002229,Bath Village,13.0661574,-59.56721861,1
ME-1Q2021744,Bath Village,13.07199706,-59.57223001,1
ME-1Q2021759,Bath Village,13.06605292,-59.56567251,1
ME-1Q2021760,Bath Village,13.06613112,-59.56563874,1
ME-1Q2021601,Bath Village,13.06954718,-59.57025036,1
ME-1Q2018087,Bath Village,13.07715053,-59.5640282,1
ME-1Q2017105,Bath Village,13.070123,-59.57374093,1
ME-1U2001212,Bath Village,13.06777632,-59.57516311,1
ME-1Q2017776,Bath Village,13.07065862,-59.57157445,1
ME-1P1005589,Bath Village,13.06928296,-59.56912957,1
ME-1P1005599,Bath Village,13.07037023,-59.57761217,1
ME-1P1005588,Bath Village,13.06984354,-59.56993111,1
ME-1P1005592,Bath Village,13.06995711,-59.57334601,1
ME-1P1005538,Bath Village,13.06777374,-59.57161474,1
ME-1P1005604,Bath Village,13.06975762,-59.57633794,1
ME-1Q2021758,Bath Village,13.06646895,-59.56582032,1
ME-1U2002301,Bath Village,13.06864763,-59.57522259,1
ME-1Q2017627,Bath Village,13.07045279,-59.57268037,1
ME-1Q2017630,Bath Village,13.06961359,-59.57341772,1
ME-1Q2017798,Bath Village,13.06912652,-59.57619187,1
ME-1Q2017415,Bath Village,13.07007829,-59.57442878,1
ME-1Q2017763,Bath Village,13.06741812,-59.56710582,1
ME-1U2001331,Bath Village,13.06963761,-59.57461877,1
ME-1Q2017934,Bath Village,13.06907847,-59.56658671,1
ME-1Q2017871,Bath Village,13.06992707,-59.5706389,1
ME-1U2002049,Bath Village,13.06541372,-59.56579218,1
ME-1Q2021054,Bath Village,13.06855835,-59.5700301,1
ME-1U2001262,Bath Village,13.06548091,-59.56579898,1
ME-1Q2017689,Bath Village,13.06867228,-59.56705605,1
ME-1Q2017970,Bath Village,13.06758483,-59.56649842,1
ME-1P1005613,Bath Village,13.06971829,-59.57050359,1
ME-1P1005593,Bath Village,13.06960475,-59.57378125,1
ME-1P1005586,Bath Village,13.06955542,-59.56958931,1
ME-1P1005543,Bath Village,13.06861529,-59.56688165,1
ME-1P1005600,Bath Village,13.06968455,-59.57635281,1
ME-1U2002302,Bath Village,13.06560897,-59.56686142,1
ME-1Q2017891,Bath Village,13.06889529,-59.56623353,1
ME-1U2001283,Bath Village,13.06888315,-59.57676512,1
ME-1U2001284,Bath Village,13.06887682,-59.57659927,1
ME-1Q2017913,Bath Village,13.06889,-59.56655441,1
ME-1U2001690,Bath Village,13.06761433,-59.57270327,1
ME-1P1005611,Bath Village,13.06994644,-59.56608051,1
ME-1P1005612,Bath Village,13.06965079,-59.56602797,1
ME-1P1005581,Bath Village,13.06767804,-59.57169041,1
ME-1P1005591,Bath Village,13.07006387,-59.57308703,1
ME-1U2002235,Bath Village,13.06499002,-59.56482198,1
ME-1U2002243,Bath Village,13.06619784,-59.56718978,1
ME-1U2002230,Bath Village,13.06619178,-59.56722286,1
ME-1U2002317,Bath Village,13.06745377,-59.56886027,1
ME-1Q2021263,Bath Village,13.06964609,-59.5721561,1
ME-1Q2021264,Bath Village,13.069267,-59.5734044,1
ME-1Q2021302,Bath Village,13.06891987,-59.57641463,1
ME-1Q2021269,Bath Village,13.06886066,-59.57616274,1
ME-1Q2021740,Bath Village,13.0675017,-59.56750269,1
ME-1Q2021563,Bath Village,13.07049028,-59.56620281,1
ME-1U2002234,Bath Village,13.06513024,-59.56580796,1
ME-1Q2021258,Bath Village,13.06756221,-59.56522802,1
ME-1U2002306,Bath Village,13.06564772,-59.56687538,1
ME-1U2002305,Bath Village,13.06572505,-59.56688909,1
ME-1U2002308,Bath Village,13.06579932,-59.56689473,1
ME-1U2002335,Bath Village,13.06698847,-59.56840057,1
ME-1U2002344,Bath Village,13.06962905,-59.57547304,1
ME-1U2000929,Bath Village,13.06591609,-59.56600719,1
ME-1Q2017887,Bath Village,13.06641985,-59.56479284,1
ME-1Q2017842,Bath Village,13.06818541,-59.5665362,1
ME-1U2001120,Bath Village,13.06698298,-59.56859859,1
ME-1U2001111,Bath Village,13.06681371,-59.56880161,1
ME-1U2001115,Bath Village,13.06789433,-59.56976719,1
ME-1Q2017893,Bath Village,13.0664559,-59.56653614,1
ME-1Q2017933,Bath Village,13.06925411,-59.56666696,1
ME-1Q2017855,Bath Village,13.07007566,-59.57043177,1
ME-1Q2017910,Bath Village,13.06887662,-59.56651453,1
ME-1U2001094,Bath Village,13.06655621,-59.56774484,1
ME-1U2001308,Bath Village,13.06954896,-59.57546745,1
ME-1Q2017601,Bath Village,13.06878599,-59.56972879,1
ME-1Q2017670,Bath Village,13.06956642,-59.5720193,1
ME-1Q2017592,Bath Village,13.06923842,-59.57423148,1
ME-1P1004437,Bath Village,13.07418499,-59.55806946,1
ME-1Q2023318,Bath Village,13.07760316,-59.55547656,1
ME-1Q2024837,Bath Village,13.07525324,-59.5621004,1
ME-1Q2022204,Bath Village,13.06580562,-59.56547392,1
ME-1Q2022651,Bath Village,13.06670083,-59.56511651,1
ME-1Q2022897,Bath Village,13.07575251,-59.56132016,1
ME-1P1001855,Bath Village,13.07288083,-59.56333161,1
ME-1P1000936,Bath Village,13.0726737,-59.56218343,1
ME-1P1000937,Bath Village,13.07330096,-59.56254614,1
ME-1P1000934,Bath Village,13.07327026,-59.56218855,1
ME-1P1000866,Bath Village,13.07264215,-59.56253083,1
ME-1Q2023690,Bath Village,13.06956442,-59.56624361,1
ME-1V2000210,Bath Village,13.06939164,-59.57688093,1
ME-1V2000153,Bath Village,13.06758457,-59.5693359,1
ME-1Q2024814,Bath Village,13.06865644,-59.56846406,1
ME-1V2000150,Bath Village,13.06745935,-59.56970763,1
ME-1V2000212,Bath Village,13.06891474,-59.57512541,1
ME-1P1000433,Bath Village,13.07703094,-59.55334544,1
ME-1V2000211,Bath Village,13.06883113,-59.57507462,1
ME-1P1000434,Bath Village,13.07397729,-59.55533743,1
ME-1W2000699,Bath Village,13.0680111,-59.57397062,1
ME-1W2000704,Bath Village,13.06796691,-59.57491277,1
ME-1W2000698,Bath Village,13.06802111,-59.5739983,1
ME-1V2000198,Bath Village,13.06921055,-59.57665783,1
ME-1W2000668,Bath Village,13.06754769,-59.57004564,1
ME-1W2000697,Bath Village,13.06795924,-59.57488171,1
ME-1V2000151,Bath Village,13.06731709,-59.56879875,1
ME-1Q2027540,Bath Village,13.06952212,-59.57416447,1
ME-1Q2030952,Bath Village,13.07436161,-59.56916525,1
ME-1U2002897,Bath Village,13.06742683,-59.56886318,1
ME-1Q2027370,Bath Village,13.06618392,-59.56661622,1
ME-1Q2027534,Bath Village,13.06757285,-59.57318879,1
ME-1Q2030950,Bath Village,13.07434926,-59.56919308,1
ME-1W2000491,Bath Village,13.06910618,-59.57691489,1
ME-1Q2034394,Bath Village,13.07748403,-59.55599863,1
ME-1Q2033196,Bath Village,13.06990142,-59.57785759,1
ME-1Q2034396,Bath Village,13.07655381,-59.56121187,1
ME-1U2003128,Bath Village,13.06798062,-59.57397481,1
ME-1Q2033744,Bath Village,13.07273003,-59.56469064,1
ME-1Q2006295,Bath Village,13.06873188,-59.56820256,1
ME-1Q2035113,Bath Village,13.072902,-59.56328401,1
ME-1U2003123,Bath Village,13.06978477,-59.57489228,1
ME-1Q2035555,Bath Village,13.07613984,-59.5572967,1
ME-1Q2040027,Bath Village,13.07741281,-59.55440303,1
ME-1U2003488,Bath Village,13.06694132,-59.56499601,1
ME-1U2003487,Bath Village,13.06697154,-59.56498607,1
ME-1P1013474,Bath Village,13.06887486,-59.56613398,1
ME-1Q2043163,Bath Village,13.07403627,-59.55928414,1
ME-1U2003372,Bath Village,13.06937934,-59.57483778,1
ME-1Q2042464,Bath Village,13.06985671,-59.57303334,1
ME-1Q2053709,Bath Village,13.06998924,-59.57331085,1
ME-1Q2053708,Bath Village,13.06999495,-59.57328003,1
ME-1Q2053707,Bath Village,13.07001664,-59.57329741,1
ME-1Q2051975,Bath Village,13.0689028,-59.56613252,1
ME-1Q2052633,Bath Village,13.07025225,-59.57337311,1
ME-1Q2054567,Bath Village,13.0744039,-59.55818381,1
ME-1Q2056429,Bath Village,13.07408545,-59.55500884,1
ME-1Q2047845,Bath Village,13.07728847,-59.55499722,1
ME-1W2000743,Bath Village,13.07978428,-59.5576303,1
ME-1W2000772,Bath Village,13.06725765,-59.57278645,1
ME-1P1015395,Bath Village,13.07130473,-59.56679052,1
ME-1Q2056109,Bath Village,13.06786435,-59.57289952,1
ME-1Q2050236,Bath Village,13.06955793,-59.57198987,1
ME-1Q2056125,Bath Village,13.06973572,-59.56577079,1
ME-1Q2052901,Bath Village,13.06931509,-59.57542168,1
ME-1P1015375,Bath Village,13.07585937,-59.55851911,1
ME-1P1015376,Bath Village,13.07600681,-59.55847097,1
ME-1Q2056059,Bath Village,13.07062818,-59.5713229,1
ME-1Q2050963,Bath Village,13.06930749,-59.57545419,1
ME-1P1014881,Bath Village,13.0777731,-59.56517539,1
ME-1U2003907,Bath Village,13.06553485,-59.56670916,1
ME-1Q2055400,Bath Village,13.06769543,-59.56699243,1
ME-1Q2005691,Bath Village,13.07873642,-59.56128527,1
ME-1W2000791,Bath Village,13.06681779,-59.56859119,1
ME-1Q2054759,Bath Village,13.07907142,-59.56103256,1
ME-1W2000792,Bath Village,13.067078,-59.56878803,1
ME-1Q2055531,Bath Village,13.07870192,-59.56129272,1
ME-1Q2053617,Bath Village,13.07854624,-59.55526223,1
ME-1Q2056527,Bath Village,13.06966561,-59.56982578,1
ME-1U2001205,Bath Village,13.06784,-59.57487999,1
ME-1U2001206,Bath Village,13.06784,-59.57487999,1
ME-1U2001207,Bath Village,13.06784,-59.57487999,1
ME-1U2001208,Bath Village,13.06784,-59.57487999,1
ME-1Q2056412,Bath Village,13.07831363,-59.55530729,1
ME-1Q2015058,Bath Village,13.07640065,-59.55643011,1
ME-1U2002409,Bath Village,13.0662342,-59.56709554,1
ME-1U2002410,Bath Village,13.06619983,-59.56709077,1
ME-1U2002429,Bath Village,13.06613824,-59.56708137,1
ME-1U2002431,Bath Village,13.06609921,-59.56711316,1
ME-1Q2005343,Bath Village,13.07575627,-59.55426646,1
ME-1U2002432,Bath Village,13.06616976,-59.56708461,1
ME-1U2002487,Bath Village,13.06757789,-59.57003373,1
ME-1U2002636,Bath Village,13.0676327,-59.56951454,1
ME-1P1015360,Bath Village,13.06822171,-59.57391323,1
ME-1Q2017771,Bath Village,13.06719068,-59.56709343,1
ME-1T4000060,Bath Village,13.0777821,-59.55971153,1
ME-1Q2017773,Bath Village,13.06711541,-59.56686169,1
ME-1Q2017812,Bath Village,13.07102108,-59.56699085,1
ME-1Q2018002,Bath Village,13.07124584,-59.56634973,1
ME-1Q2056714,Bath Village,13.07140598,-59.57179191,1
ME-1U2000195,Bath Village,13.06784,-59.57487999,1
ME-1U2000231,Bath Village,13.067692,-59.57261999,1
ME-1Q2052751,Bath Village,13.07835989,-59.55529411,1
ME-1Q2056796,Bath Village,13.0772381,-59.56403791,1
ME-1Q2029570,Bath Village,13.0765842,-59.55638021,1
ME-1Q2029572,Bath Village,13.07445808,-59.55702914,1
ME-1Q2056410,Bath Village,13.07451213,-59.55720237,1
ME-1Q2018224,Bath Village,13.07172406,-59.56648304,1
ME-1Q2031620,Bath Village,13.07771863,-59.56493339,1
ME-1U2001022,Bath Village,13.06649817,-59.56775282,1
ME-1Q2005186,Bath Village,13.07078091,-59.56719878,1
ME-1Q2005201,Bath Village,13.07576832,-59.55424904,1
ME-1Q2018268,Bath Village,13.07457837,-59.56042523,1
ME-1U2001024,Bath Village,13.06649085,-59.56771957,1
ME-1U2001023,Bath Village,13.0664631,-59.56781682,1
ME-1U2001040,Bath Village,13.06646344,-59.56778366,1
ME-1U2001014,Bath Village,13.06646566,-59.56775248,1
ME-1U2001019,Bath Village,13.06645835,-59.56771727,1
ME-1U2001025,Bath Village,13.06642869,-59.56781645,1
ME-1U2001015,Bath Village,13.06642711,-59.56778328,1
ME-1U2001038,Bath Village,13.06643123,-59.56775212,1
ME-1U2001021,Bath Village,13.06642584,-59.5677189,1
ME-1U2001039,Bath Village,13.06658304,-59.56767761,1
ME-1U2001037,Bath Village,13.06655434,-59.56768122,1
ME-1U2001026,Bath Village,13.06648734,-59.56768637,1
ME-1Q2056340,Bath Village,13.06969324,-59.57012073,1
ME-1Q2017082,Bath Village,13.07775083,-59.55664529,1
ME-1Q2017083,Bath Village,13.07779666,-59.55673743,1
ME-1Q2017084,Bath Village,13.07783364,-59.55671626,1
ME-1U2001028,Bath Village,13.06645486,-59.56768407,1
ME-1U2001016,Bath Village,13.06642235,-59.56768375,1
ME-1U2001099,Bath Village,13.06616377,-59.5671505,1
ME-1U2001097,Bath Village,13.06616409,-59.56711734,1
ME-1U2001100,Bath Village,13.06612294,-59.56721639,1
ME-1U2001098,Bath Village,13.06612519,-59.56718326,1
ME-1U2001089,Bath Village,13.06612934,-59.56715013,1
ME-1U2001104,Bath Village,13.06612971,-59.56711307,1
ME-1U2001103,Bath Village,13.06608859,-59.56721019,1
ME-1U2001102,Bath Village,13.06609271,-59.56717901,1
ME-1U2001101,Bath Village,13.06609687,-59.56714589,1
ME-1Q2009476,Bath Village,13.07920407,-59.56050959,1
ME-1Q2007406,Bath Village,13.08058083,-59.56061906,1
ME-1Q2005982,Bath Village,13.07690332,-59.56548716,1
ME-1Q2021150,Bath Village,13.06932666,-59.57619926,1
ME-1Q2017663,Bath Village,13.07024465,-59.57484675,1
ME-1Q2055527,Bath Village,13.07639718,-59.55551998,1
ME-1U2000631,Bath Village,13.06777239,-59.56904909,1
ME-1Q2056795,Bath Village,13.07641778,-59.56065852,1
ME-1Q2017638,Bath Village,13.06971434,-59.57259994,1
ME-1Q2058353,Bath Village,13.06833992,-59.57291857,1
ME-1U2004190,Bath Village,13.06978258,-59.57491814,1
ME-1U2003978,Bath Village,13.06883198,-59.56901195,1
ME-1Q2017965,Bath Village,13.07021889,-59.57789813,1
ME-1T4000149,Bath Village,13.08067031,-59.55739956,1
ME-1Q2028810,Bath Village,13.07615359,-59.55448603,1
ME-1Q2057898,Bath Village,13.06991378,-59.56670229,1
ME-1Q2057992,Bath Village,13.0700092,-59.57118027,1
ME-1Q2057993,Bath Village,13.07903404,-59.56033133,1
ME-1Q2058588,Bath Village,13.07279729,-59.56810627,1
ME-1U2003926,Bath Village,13.06721372,-59.57287947,1
ME-1S4000413,Bath Village,13.072008,-59.57280804,1
ME-1Q2059927,Bath Village,13.07347499,-59.56832689,1
ME-1Q2058894,Bath Village,13.06983457,-59.56851416,1
ME-1Q2060245,Bath Village,13.07672645,-59.55301874,1
ME-1Q2058875,Bath Village,13.07482739,-59.55953784,1
ME-1Q2058907,Bath Village,13.073442,-59.5569403,1
ME-1Q2058896,Bath Village,13.07303268,-59.56117481,1
ME-1Q2049736,Bath Village,13.07019374,-59.5746861,1
ME-1Q2059044,Bath Village,13.07720125,-59.5553027,1
ME-1Q2059741,Bath Village,13.07587315,-59.55474867,1
ME-1S4000383,Bath Village,13.07772441,-59.55841878,1
ME-1Q2059045,Bath Village,13.07723851,-59.55529081,1
ME-1S4000068,Bath Village,13.06507581,-59.56428152,1
ME-1Q2058725,Bath Village,13.07719624,-59.56100278,1
ME-1Q2058724,Bath Village,13.07723262,-59.56099834,1
ME-1Q2055572,Bath Village,13.07253713,-59.56836903,1
ME-1Q2059988,Bath Village,13.07427097,-59.55867797,1
ME-1Q2058937,Bath Village,13.07708233,-59.55482035,1
ME-1Q2058949,Bath Village,13.07964159,-59.56081695,1
ME-1Q2058934,Bath Village,13.07784701,-59.55686332,1
ME-1Q2058946,Bath Village,13.07813712,-59.56164421,1
ME-1Q2058948,Bath Village,13.07758764,-59.56387636,1
ME-1Q2058942,Bath Village,13.07927551,-59.56105466,1
ME-1Q2060459,Bath Village,13.07235442,-59.56418412,1
ME-1Q2059868,Bath Village,13.07301796,-59.56100195,1
ME-1Q2061169,Bath Village,13.078283,-59.55553398,1
ME-1P1006985,Bath Village,13.06891594,-59.56825459,1
ME-1Q2061293,Bath Village,13.07668298,-59.55773101,1
ME-1S4000064,Bath Village,13.06494434,-59.56334718,1
ME-1W2001070,Bath Village,13.06802139,-59.57084745,1
ME-1V2000172,Bath Village,13.06891236,-59.57508394,1
ME-1Q2061188,Bath Village,13.07694004,-59.56064598,1
ME-1W2001069,Bath Village,13.06799862,-59.57080206,1
ME-1Q2059287,Bath Village,13.06999903,-59.57093524,1
ME-1Q2062781,Bath Village,13.06627672,-59.56652283,1
ME-1Q2062774,Bath Village,13.06620288,-59.56645998,1
ME-1W2001071,Bath Village,13.06805977,-59.5708661,1
ME-1V2000287,Bath Village,13.06808193,-59.57087387,1
ME-1Q2062780,Bath Village,13.06598303,-59.56522117,1
ME-1U2004438,Bath Village,13.06777528,-59.57485292,1
ME-1Q2062775,Bath Village,13.0662155,-59.56647578,1
ME-1P1012079,Bath Village,13.06887642,-59.56838892,1
ME-1W2001219,Bath Village,13.06773188,-59.5749286,1
ME-1P1011471,Bath Village,13.068725,-59.565989,1
ME-1Q2065799,Bath Village,13.0808267,-59.56172675,1
ME-1Q2065538,Bath Village,13.0808267,-59.56172675,1
ME-1Q2066071,Bath Village,13.07708542,-59.55463628,1
ME-1Q2055858,Bath Village,13.07706878,-59.55463902,1
ME-1Q2065798,Bath Village,13.0808267,-59.56172675,1
ME-1R4000082,Bath Village,13.069529,-59.571038,1
ME-1Q2005169,Bath Village,13.08076899,-59.608193,1
ME-1Q2069228,Bath Village,13.07604532,-59.55790765,1
ME-1Q2064682,Bath Village,13.0725881,-59.56404252,1
ME-1Q2070151,Bath Village,13.06853108,-59.56667272,1
ME-1Q2005324,Bath Village,13.08076899,-59.608193,1
ME-1Q2065882,Bath Village,13.0682,-59.5661,1
ME-1Q2065584,Bath Village,13.0682,-59.5661,1
ME-1Q2072548,Bath Village,13.078757,-59.554463,1
ME-1Q2071092,Bath Village,13.07685822,-59.56008283,1
ME-1Q2072521,Bath Village,13.07688333,-59.5540361,1
ME-1Q2065629,Bath Village,13.07471,-59.55701,1
ME-1Q2071541,Bath Village,13.071567,-59.572209,1
ME-1P1016687,Bath Village,13.07398658,-59.55544473,1
ME-1P1016688,Bath Village,13.07427873,-59.55689105,1
ME-1Q2065979,Bath Village,13.07449,-59.55689,1
ME-1Q2065974,Bath Village,13.07736943,-59.55475,1
ME-1P1016689,Bath Village,13.0740866,-59.55825452,1
ME-1V2000631,Bath Village,13.06704013,-59.56843163,1
ME-1Q2076279,Bath Village,13.068524,-59.568653,1
ME-1V2000660,Bath Village,13.06553802,-59.56504398,1
ME-1Q2072623,Bath Village,13.0662,-59.56683,1
ME-1Q2072624,Bath Village,13.0662,-59.56683,1
ME-1Q2072629,Bath Village,13.0662,-59.566835,1
ME-1Q2072625,Bath Village,13.0662,-59.56683,1
ME-1Q2072622,Bath Village,13.0662,-59.566835,1
ME-1Q2071090,Bath Village,13.07495297,-59.56921935,1
ME-1Q2078170,Bath Village,13.08102222,-59.60760277,1
ME-1Q2078122,Bath Village,13.08102222,-59.60760277,1
ME-1Q2092942,Bath Village,13.07643,-59.556977,1
ME-1Q2087949,Bath Village,13.075193,-59.561987,1
ME-1U2001340,Bath Village,0,0,1
ME-1Q2010560,Bath Village,0,0,1
ME-1U2001066,Bath Village,0,0,1
ME-1U2001069,Bath Village,0,0,1
ME-1Q2087947,Bath Village,13.073802,-59.558438,1
ME-1P1005191,Bath Village,13.06769331,-59.573292,1
ME-1P1004515,Bath Village,13.06804759,-59.569718,1
ME-1P1004572,Bath Village,13.06830679,-59.56943901,1
ME-1P1000693,Bath Village,13.07668282,-59.560979,1
ME-1Q2005392,Bath Village,13.0750845,-59.56029196,1
ME-1Q2015746,Bath Village,13.072259,-59.56682357,1
ME-1P1004564,Bath Village,13.06863,-59.569254,1
ME-1Q2004728,Bath Village,13.07775675,-59.55720423,1
ME-1Q2004808,Bath Village,13.07544995,-59.557363,1
ME-1Q2021566,Bath Village,13.06968051,-59.56915871,1
ME-1Q2017867,Bath Village,13.07009315,-59.571401,1
ME-1Q2006234,Bath Village,13.072838,-59.5672556,1
ME-1Q2004724,Bath Village,13.0776312,-59.556201,1
ME-1Q2004959,Bath Village,13.07624692,-59.55803661,1
ME-1Q2005055,Bath Village,13.07698164,-59.560051,1
ME-1Q2027539,Bath Village,13.068808,-59.56982129,1
ME-1W2000700,Bath Village,13.06797378,-59.57394751,1
ME-1W2000378,Bath Village,13.065044,-59.56617625,1
ME-1U2001227,Bath Village,13.065108,-59.56640447,1
ME-1U2001013,Bath Village,13.06651996,-59.567675,1
ME-1U2001335,Bath Village,13.06898517,-59.575065,1
